KLM4154_T1.lif - Image003_cell0,0.7748308405760862
KLM4154_T1.lif - Image003_cell1,0.8344816217177566
KLM4154_T1.lif - Image003_cell2,0.6880521996779826
KLM4154_T1.lif - Image003_cell4,0.5778587073742577
KLM4154_T1.lif - Image003_cell5,0.47207561268133247
KLM4154_T1.lif - Image003_cell6,0.5480187724065043
KLM4154_T1.lif - Image003_cell7,0.8006170166289126
KLM4154_T1.lif - Image003_cell8,0.7807928866542595
KLM4154_T1.lif - Image003_cell9,0.5207372261348725
KLM4154_T1.lif - Image003_cell10,0.8056981636583141
KLM4154_T1.lif - Image005_cell0,0.79552535008416
KLM4154_T1.lif - Image005_cell1,0.5953926686028588
KLM4154_T1.lif - Image005_cell4,0.5152943283790938
KLM4154_T1.lif - Image005_cell5,0.5544606992749725
KLM4154_T1.lif - Image005_cell6,0.8675300789478384
KLM4154_T1.lif - Image005_cell8,0.7964036860682282
KLM4154_T1.lif - Image005_cell10,0.6689734939311966
KLM4154_T1.lif - Image005_cell11,0.7051230733590381
KLM4154_T1.lif - Image007_cell0,0.7884863248185533
KLM4154_T1.lif - Image007_cell1,0.738328539668739
KLM4154_T1.lif - Image007_cell2,0.7983244661231063
KLM4154_T1.lif - Image007_cell3,0.7982512159719988
KLM4154_T1.lif - Image007_cell4,0.4707652071743584
KLM4154_T1.lif - Image007_cell5,0.5067478329331825
KLM4154_T1.lif - Image007_cell7,0.5140270634048698
KLM4154_T1.lif - Image007_cell8,0.744245131830408
KLM4154_T1.lif - Image007_cell10,0.46610017499506984
KLM4154_T1.lif - Image009_cell0,0.7145489088423266
KLM4154_T1.lif - Image009_cell2,0.8102151198710054
KLM4154_T1.lif - Image009_cell5,0.6813380817682396
KLM4154_T1.lif - Image009_cell6,0.7808478764126879
KLM4154_T1.lif - Image009_cell8,0.7928157571520833
KLM4154_T1.lif - Image011_cell0,0.8082816904361648
KLM4154_T1.lif - Image011_cell1,0.7949048632495946
KLM4154_T1.lif - Image011_cell2,0.4349539704217549
KLM4154_T1.lif - Image011_cell3,0.8174302455053608
KLM4154_T1.lif - Image011_cell4,0.7201587409674052
KLM4154_T1.lif - Image011_cell5,0.6370396171653727
KLM4154_T1.lif - Image011_cell7,0.8321028481652779
KLM4154_T1.lif - Image011_cell8,0.6464932971683859
KLM4154_T1.lif - Image011_cell10,0.5235449125381113
KLM4154_T1.lif - Image011_cell11,0.6956077075234061
KLM4154_T1.lif - Image013_cell0,0.6618510072214557
KLM4154_T1.lif - Image013_cell1,0.4791803898314958
KLM4154_T1.lif - Image013_cell5,0.4865757800798262
KLM4154_T1.lif - Image013_cell6,0.5774567889862374
KLM4154_T1.lif - Image013_cell7,0.8164999909031696
KLM4154_T1.lif - Image013_cell9,0.6289605170670445
KLM4154_T1.lif - Image013_cell10,0.780633417770511
KLM4154_T1.lif - Image013_cell11,0.680207078919838
KLM4154_T1.lif - Image013_cell12,0.5264147558480056
KLM4154_T1.lif - Image013_cell13,0.727127696878179
KLM4154_T1.lif - Image015_cell1,0.6960936522807579
KLM4154_T1.lif - Image015_cell2,0.7927646623111942
KLM4154_T1.lif - Image015_cell3,0.8422721143658477
KLM4154_T1.lif - Image015_cell5,0.6515200129199185
KLM4154_T1.lif - Image015_cell6,0.783485371836151
KLM4154_T1.lif - Image015_cell8,0.49456689976268947
KLM4154_T1.lif - Image015_cell10,0.768090216945255
KLM4154_T1.lif - Image015_cell11,0.757599115813294
KLM4154_T1.lif - Image017_cell1,0.2686043328472469
KLM4154_T1.lif - Image017_cell2,0.6563758640553897
KLM4154_T1.lif - Image017_cell4,0.6065646251632186
KLM4154_T1.lif - Image017_cell6,0.5507556388188529
KLM4154_T1.lif - Image017_cell7,0.750369047083052
KLM4154_T1.lif - Image019_cell0,0.47243136131841484
KLM4154_T1.lif - Image019_cell2,0.9160995571608712
KLM4154_T1.lif - Image019_cell4,0.7978616460640664
KLM4154_T1.lif - Image019_cell5,0.6353123736331141
KLM4154_T1.lif - Image019_cell6,0.6508556899893447
KLM4154_T1.lif - Image019_cell7,0.7976619679598164
KLM4154_T1.lif - Image019_cell8,0.5702696082056242
KLM4154_T1.lif - Image021_cell0,0.44795698697590797
KLM4154_T1.lif - Image021_cell1,0.682769305146338
KLM4154_T1.lif - Image021_cell2,0.8275012974068754
KLM4154_T1.lif - Image021_cell4,0.6605055048632482
KLM4154_T1.lif - Image021_cell6,0.6224240896864185
KLM4154_T1.lif - Image021_cell8,0.6177567856486932
KLM4154_T1.lif - Image021_cell9,0.5617140091058395
KLM4154_T1.lif - Image023_cell0,0.5682558103439036
KLM4154_T1.lif - Image023_cell1,0.7777837731867422
KLM4154_T1.lif - Image023_cell2,0.4228820036240268
KLM4154_T1.lif - Image023_cell4,0.6366992190310157
KLM4154_T1.lif - Image023_cell5,0.5872326516416935
KLM4154_T1.lif - Image023_cell7,0.6501050982206726
KLM4154_T1.lif - Image023_cell8,0.43738869669877095
KLM4154_T1.lif - Image023_cell10,0.6483278345828408
KLM4154_T1.lif - Image023_cell11,0.6756718879724191
KLM4154_T1.lif - Image025_cell0,0.7004636202217471
KLM4154_T1.lif - Image025_cell2,0.6638486619008769
KLM4154_T1.lif - Image025_cell3,0.6856604054108913
KLM4154_T1.lif - Image025_cell5,0.6849998347110177
KLM4154_T1.lif - Image025_cell6,0.7835178167391784
KLM4154_T1.lif - Image025_cell8,0.6607080896239178
KLM4154_T1.lif - Image025_cell10,0.6372490224085733
KLM4154_T1.lif - Image027_cell0,0.5981156657391782
KLM4154_T1.lif - Image027_cell2,0.7894736532121777
KLM4154_T1.lif - Image027_cell3,0.645953761433037
KLM4154_T1.lif - Image027_cell4,0.5362682163106159
KLM4154_T1.lif - Image027_cell5,0.6226893009749422
KLM4154_T1.lif - Image027_cell6,0.7328685343384663
KLM4154_T1.lif - Image027_cell7,0.861821668190114
KLM4154_T1.lif - Image027_cell8,0.7585611317380292
KLM4154_T1.lif - Image027_cell11,0.6496136991134919
KLM4154_T1.lif - Image029_cell0,0.6777223550163392
KLM4154_T1.lif - Image029_cell1,0.8026599666738449
KLM4154_T1.lif - Image029_cell2,0.8337903449597264
KLM4154_T1.lif - Image029_cell3,0.674515311484767
KLM4154_T1.lif - Image029_cell4,0.4861303009993281
KLM4154_T1.lif - Image029_cell6,0.7002386216093023
KLM4154_T1.lif - Image029_cell8,0.7836058212564331
KLM4154_T1.lif - Image029_cell9,0.5831426651299927
KLM4154_T1.lif - Image029_cell10,0.8633291571668121
KLM4154_T1.lif - Image029_cell11,0.8088397937101632
KLM4154_T1.lif - Image031_cell0,0.5523195863202084
KLM4154_T1.lif - Image031_cell1,0.7080611601673551
KLM4154_T1.lif - Image031_cell4,0.8137078860815318
KLM4154_T1.lif - Image033_cell0,0.855183843353294
KLM4154_T1.lif - Image033_cell1,0.7720875999038436
KLM4154_T1.lif - Image033_cell3,0.7697810406826153
KLM4154_T1.lif - Image033_cell4,0.5468187117098072
KLM4154_T1.lif - Image033_cell5,0.5267481975335438
KLM4154_T1.lif - Image033_cell6,0.7930701309986466
KLM4154_T1.lif - Image033_cell7,0.6667727371241716
KLM4154_T1.lif - Image033_cell9,0.6843709889772808
KLM4154_T1.lif - Image035_cell0,0.5342995405724948
KLM4154_T1.lif - Image035_cell2,0.7943436884568115
KLM4154_T1.lif - Image035_cell3,0.6170975981707348
KLM4154_T1.lif - Image035_cell4,0.7187466928303119
KLM4154_T1.lif - Image035_cell5,0.6278550839285274
KLM4154_T1.lif - Image035_cell6,0.8166431593554316
KLM4154_T1.lif - Image035_cell7,0.5152771958224147
KLM4154_T1.lif - Image035_cell8,0.9070512102169346
KLM4154_T1.lif - Image037_cell0,0.8722558792254821
KLM4154_T1.lif - Image037_cell2,0.6988481562937318
KLM4154_T1.lif - Image037_cell4,0.5864057022974978
KLM4154_T1.lif - Image037_cell5,0.7153608774843495
KLM4154_T1.lif - Image037_cell7,0.619081756486587
KLM4154_T1.lif - Image039_cell0,0.4176775999706099
KLM4154_T1.lif - Image039_cell1,0.5928746708598661
KLM4154_T1.lif - Image039_cell2,0.7391179515916052
KLM4154_T1.lif - Image039_cell3,0.6218529959392142
KLM4154_T1.lif - Image039_cell4,0.8468793100721654
KLM4154_T1.lif - Image039_cell6,0.6320090599988921
KLM4154_T1.lif - Image039_cell7,0.7552252156963
KLM4154_T1.lif - Image039_cell8,0.7136801697630233
KLM4154_T1.lif - Image039_cell10,0.6657716289495611
KLM4154_T1.lif - Image039_cell11,0.5501078363300073
KLM4154_T1.lif - Image041_cell1,0.7244681583456782
KLM4154_T1.lif - Image041_cell3,0.665393652104718
KLM4154_T1.lif - Image041_cell5,0.4478537842608966
KLM4154_T1.lif - Image041_cell9,0.6435341036669346
KLM4154_T1.lif - Image043_cell0,0.6808819095878232
KLM4154_T1.lif - Image043_cell1,0.7379166453848413
KLM4154_T1.lif - Image043_cell2,0.7124553581800857
KLM4154_T1.lif - Image043_cell3,0.7223328302689604
KLM4154_T1.lif - Image043_cell4,0.701145080419142
KLM4154_T1.lif - Image043_cell8,0.7163720912473613
KLM4154_T1.lif - Image045_cell0,0.7184749433853218
KLM4154_T1.lif - Image045_cell2,0.6998269232390889
KLM4154_T1.lif - Image045_cell3,0.7521721774495598
KLM4154_T1.lif - Image045_cell4,0.6323355547607806
KLM4154_T1.lif - Image045_cell7,0.7028264118730403
KLM4154_T1.lif - Image045_cell8,0.7317212293150895
KLM4154_T1.lif - Image045_cell10,0.6803327211088404
KLM4154_T1.lif - Image045_cell11,0.504073449574885
KLM4154_T1.lif - Image047_cell0,0.7072010758281145
KLM4154_T1.lif - Image047_cell2,0.6243756141850154
KLM4154_T1.lif - Image047_cell3,0.47160698204842344
KLM4154_T1.lif - Image047_cell4,0.661018137931514
KLM4154_T1.lif - Image047_cell5,0.48424230074408137
KLM4154_T1.lif - Image047_cell6,0.764536279333076
KLM4154_T1.lif - Image047_cell7,0.44340770362183335
KLM4154_T1.lif - Image047_cell8,0.4332589766752128
KLM4154_T1.lif - Image049_cell0,0.7311634221956267
KLM4154_T1.lif - Image049_cell1,0.6639202321570482
KLM4154_T1.lif - Image049_cell2,0.5836280562452779
KLM4154_T1.lif - Image049_cell4,0.5675656213611252
KLM4154_T1.lif - Image049_cell5,0.47863207199690605
KLM4154_T1.lif - Image049_cell6,0.7476328234655178
KLM4154_T1.lif - Image049_cell7,0.640371652203027
KLM4154_T1.lif - Image049_cell8,0.6727653246378098
KLM4154_T1.lif - Image049_cell9,0.6586288775999058
KLM4154_T1.lif - Image052_cell0,0.768192456461551
KLM4154_T1.lif - Image052_cell1,0.7907828484921668
KLM4154_T1.lif - Image052_cell2,0.8266486247909397
KLM4154_T1.lif - Image052_cell4,0.41908902044680146
KLM4154_T1.lif - Image052_cell5,0.8601772915245482
KLM4154_T1.lif - Image052_cell6,0.8513646952173297
KLM4154_T1.lif - Image052_cell7,0.7518974275345495
KLM4154_T1.lif - Image052_cell9,0.46005827383594755
KLM4154_T1.lif - Image052_cell11,0.6479884393262881
KLM4154_T1.lif - Image054_cell0,0.7258687119010634
KLM4154_T1.lif - Image054_cell1,0.6854683318312874
KLM4154_T1.lif - Image054_cell2,0.8349311693863685
KLM4154_T1.lif - Image054_cell3,0.2516850109143319
KLM4154_T1.lif - Image054_cell4,0.5029358426567978
KLM4154_T1.lif - Image054_cell8,0.7670747281164427
KLM4154_T1.lif - Image054_cell9,0.692982630524838
KLM4154_T1.lif - Image056_cell0,0.7585111792952332
KLM4154_T1.lif - Image056_cell2,0.773145253040156
KLM4154_T1.lif - Image056_cell4,0.8206148769201782
KLM4154_T1.lif - Image056_cell5,0.7761884094039445
KLM4154_T1.lif - Image056_cell8,0.6007651726752067
KLM4154_T1.lif - Image056_cell9,0.7678271008209749
KLM4154_T1.lif - Image058_cell0,0.6824167413198179
KLM4154_T1.lif - Image058_cell1,0.7957034598826601
KLM4154_T1.lif - Image058_cell2,0.7854451041841932
KLM4154_T1.lif - Image058_cell3,0.5086462969414574
KLM4154_T1.lif - Image058_cell4,0.7263625335028273
KLM4154_T1.lif - Image058_cell5,0.7183467161477808
KLM4154_T1.lif - Image058_cell6,0.6915121904169653
KLM4154_T1.lif - Image060_cell0,0.6494696033080894
KLM4154_T1.lif - Image060_cell1,0.514361976619248
KLM4154_T1.lif - Image060_cell2,0.8514736827051932
KLM4154_T1.lif - Image060_cell4,0.7767314316160246
KLM4154_T1.lif - Image060_cell5,0.8028001331091692
KLM4154_T1.lif - Image060_cell6,0.5440969905828154
KLM4154_T1.lif - Image060_cell8,0.5983886471650967
KLM4154_T1.lif - Image060_cell9,0.7482138202831763
KLM4154_T1.lif - Image062_cell1,0.7558416048680842
KLM4154_T1.lif - Image062_cell6,0.6350841468673332
KLM4154_T1.lif - Image062_cell7,0.7558808778981925
KLM4154_T1.lif - Image062_cell8,0.799724990152284
KLM4154_T1.lif - Image062_cell9,0.6622148043425021
KLM4154_T1.lif - Image062_cell10,0.5401141894432469
KLM4154_T1.lif - Image064_cell1,0.5899676109696729
KLM4154_T1.lif - Image064_cell3,0.6730367845372681
KLM4154_T1.lif - Image064_cell4,0.7487363092481009
KLM4154_T1.lif - Image064_cell5,0.7118846535975466
KLM4154_T1.lif - Image064_cell6,0.7362548971968176
KLM4154_T1.lif - Image064_cell7,0.5240347697923088
KLM4154_T1.lif - Image064_cell8,0.832813704021678
KLM4154_T1.lif - Image064_cell9,0.6235314803735015
KLM4154_T1.lif - Image064_cell10,0.6252620876579589
KLM4154_T1.lif - Image064_cell11,0.5486359509003224
KLM4154_T1.lif - Image066_cell0,0.5363023654076127
KLM4154_T1.lif - Image066_cell2,0.598315963428557
KLM4154_T1.lif - Image066_cell3,0.810244659732439
KLM4154_T1.lif - Image066_cell4,0.517819216232888
KLM4154_T1.lif - Image066_cell5,0.6764762845438331
KLM4154_T1.lif - Image066_cell6,0.7250291539072649
KLM4154_T1.lif - Image066_cell7,0.6843743932618253
KLM4154_T1.lif - Image066_cell8,0.8548622304714123
KLM4154_T1.lif - Image066_cell9,0.7764581656138756
KLM4154_T1.lif - Image066_cell10,0.6741346212893778
KLM4154_T1.lif - Image066_cell11,0.6611890583577773
KLM4154_T1.lif - Image068_cell1,0.5377238810288576
KLM4154_T1.lif - Image068_cell2,0.5127778813598795
KLM4154_T1.lif - Image068_cell3,0.7708334065651044
KLM4154_T1.lif - Image068_cell4,0.5007279644241399
KLM4154_T1.lif - Image068_cell5,0.8692852076940651
KLM4154_T1.lif - Image068_cell6,0.5437734591285731
KLM4154_T1.lif - Image068_cell7,0.5880796123119759
KLM4154_T1.lif - Image068_cell8,0.6506989867308582
KLM4154_T1.lif - Image068_cell11,0.4639085116352411
KLM4154_T1.lif - Image072_cell0,0.7376401647017952
KLM4154_T1.lif - Image072_cell2,0.6416658037303424
KLM4154_T1.lif - Image072_cell3,0.7630067950719517
KLM4154_T1.lif - Image072_cell4,0.5954796588408393
KLM4154_T1.lif - Image072_cell6,0.5968438542438979
KLM4154_T1.lif - Image072_cell7,0.7357498183280462
KLM4154_T1.lif - Image072_cell8,0.6412344891740468
KLM4154_T1.lif - Image072_cell9,0.6416176851436673
KLM4154_T1.lif - Image072_cell10,0.43480208402191567
KLM4154_T1.lif - Image072_cell11,0.6391432994596571
KLM4154_T2.lif - Image005_cell0,0.8184199390748218
KLM4154_T2.lif - Image005_cell1,0.7961941071475918
KLM4154_T2.lif - Image005_cell2,0.7646199267314293
KLM4154_T2.lif - Image005_cell3,0.7162504631674941
KLM4154_T2.lif - Image005_cell4,0.8251452920574432
KLM4154_T2.lif - Image005_cell5,0.7214705066167963
KLM4154_T2.lif - Image005_cell6,0.9546039481677883
KLM4154_T2.lif - Image005_cell7,0.7486733408143574
KLM4154_T2.lif - Image005_cell8,0.7126101906219987
KLM4154_T2.lif - Image005_cell9,0.8348782868436215
KLM4154_T2.lif - Image005_cell11,0.6430196460318561
KLM4154_T2.lif - Image007_cell0,0.8427951944000251
KLM4154_T2.lif - Image007_cell1,0.7101255034287464
KLM4154_T2.lif - Image007_cell2,0.8805371112289959
KLM4154_T2.lif - Image007_cell5,0.6191446586005306
KLM4154_T2.lif - Image007_cell6,0.7332728049764496
KLM4154_T2.lif - Image007_cell7,0.5368915344987241
KLM4154_T2.lif - Image007_cell8,0.5986515732173957
KLM4154_T2.lif - Image007_cell9,0.7326782470688336
KLM4154_T2.lif - Image007_cell11,0.7969690969184187
KLM4154_T2.lif - Image009_cell0,0.8067233985928846
KLM4154_T2.lif - Image009_cell1,0.713999245372666
KLM4154_T2.lif - Image009_cell2,0.8551389042401891
KLM4154_T2.lif - Image009_cell3,0.5266793334150552
KLM4154_T2.lif - Image009_cell4,0.8478016512037913
KLM4154_T2.lif - Image009_cell5,0.9266152810909943
KLM4154_T2.lif - Image009_cell6,0.6596121819265058
KLM4154_T2.lif - Image009_cell8,0.5020139241929238
KLM4154_T2.lif - Image013_cell0,0.5542133340742124
KLM4154_T2.lif - Image013_cell1,0.6555609878646583
KLM4154_T2.lif - Image013_cell2,0.4866495587533682
KLM4154_T2.lif - Image013_cell3,0.8199166279569506
KLM4154_T2.lif - Image013_cell4,0.768034224391978
KLM4154_T2.lif - Image013_cell5,0.8060631588818087
KLM4154_T2.lif - Image013_cell6,0.7688566897751422
KLM4154_T2.lif - Image013_cell7,0.49728167852676236
KLM4154_T2.lif - Image013_cell8,0.8738560135841443
KLM4154_T2.lif - Image013_cell9,0.6538781338724395
KLM4154_T2.lif - Image015_cell0,0.8285117240583942
KLM4154_T2.lif - Image015_cell1,0.682152037530727
KLM4154_T2.lif - Image015_cell2,0.716209085715792
KLM4154_T2.lif - Image015_cell3,0.5151285095506934
KLM4154_T2.lif - Image015_cell4,0.7297738599240042
KLM4154_T2.lif - Image015_cell5,0.7572598817752185
KLM4154_T2.lif - Image015_cell6,0.6784379461733131
KLM4154_T2.lif - Image015_cell7,0.8614875015140838
KLM4154_T2.lif - Image015_cell8,0.8211522958742954
KLM4154_T2.lif - Image015_cell9,0.7359454341071651
KLM4154_T2.lif - Image017_cell0,0.8671233958559147
KLM4154_T2.lif - Image017_cell1,0.8381506692619397
KLM4154_T2.lif - Image017_cell2,0.7407829653452429
KLM4154_T2.lif - Image017_cell3,0.7455796113040294
KLM4154_T2.lif - Image017_cell4,0.7672169570555417
KLM4154_T2.lif - Image017_cell5,0.8540143723156403
KLM4154_T2.lif - Image017_cell6,0.653097291891181
KLM4154_T2.lif - Image017_cell8,0.7899601455648635
KLM4154_T2.lif - Image017_cell9,0.8685001162283579
KLM4154_T2.lif - Image019_cell0,0.7323750226633947
KLM4154_T2.lif - Image019_cell2,0.7882103177350603
KLM4154_T2.lif - Image019_cell3,0.6798660793155964
KLM4154_T2.lif - Image019_cell4,0.8724754558301868
KLM4154_T2.lif - Image019_cell6,0.7020849293271082
KLM4154_T2.lif - Image019_cell7,0.874488148558881
KLM4154_T2.lif - Image019_cell8,0.7475914003207755
KLM4154_T2.lif - Image019_cell9,0.7656684036434754
KLM4154_T2.lif - Image019_cell10,0.521410592249826
KLM4154_T2.lif - Image019_cell11,0.6914646171632273
KLM4154_T2.lif - Image021_cell0,0.7199588721612
KLM4154_T2.lif - Image021_cell1,0.5842980407996771
KLM4154_T2.lif - Image021_cell3,0.5654026074334928
KLM4154_T2.lif - Image021_cell4,0.8603693936561071
KLM4154_T2.lif - Image021_cell6,0.8027919799367502
KLM4154_T2.lif - Image021_cell7,0.8509395304219041
KLM4154_T2.lif - Image021_cell8,0.8512128968600576
KLM4154_T2.lif - Image021_cell9,0.6079390540569715
KLM4154_T2.lif - Image021_cell10,0.9603161219848625
KLM4154_T2.lif - Image021_cell11,0.7460403393313543
KLM4154_T2.lif - Image023_cell0,0.8483686829107213
KLM4154_T2.lif - Image023_cell1,0.8408901059544973
KLM4154_T2.lif - Image023_cell2,0.9181897150184675
KLM4154_T2.lif - Image023_cell4,0.7300426361449592
KLM4154_T2.lif - Image023_cell5,0.7680656272885592
KLM4154_T2.lif - Image023_cell7,0.897503842118529
KLM4154_T2.lif - Image023_cell8,0.7014435135243109
KLM4154_T2.lif - Image023_cell9,0.8067820978169643
KLM4154_T2.lif - Image023_cell10,0.7746646743191379
KLM4154_T2.lif - Image023_cell11,0.7189740842978798
KLM4154_T2.lif - Image025_cell0,0.8016172360905479
KLM4154_T2.lif - Image025_cell1,0.8490374118681754
KLM4154_T2.lif - Image025_cell2,0.6446774152076541
KLM4154_T2.lif - Image025_cell3,0.8417226056316549
KLM4154_T2.lif - Image025_cell4,0.7749371475941639
KLM4154_T2.lif - Image025_cell5,0.48738223844206724
KLM4154_T2.lif - Image025_cell6,0.8048473599311764
KLM4154_T2.lif - Image025_cell7,0.8553414430912928
KLM4154_T2.lif - Image025_cell8,0.5493716255765436
KLM4154_T2.lif - Image025_cell9,0.755227065831619
KLM4154_T2.lif - Image025_cell10,0.5199956127078567
KLM4154_T2.lif - Image025_cell11,0.6876044523685148
KLM4154_T2.lif - Image027_cell0,0.8556876564751145
KLM4154_T2.lif - Image027_cell1,0.6903062324243742
KLM4154_T2.lif - Image027_cell2,0.6874229404942382
KLM4154_T2.lif - Image027_cell3,0.8729320207132721
KLM4154_T2.lif - Image027_cell4,0.790561156001727
KLM4154_T2.lif - Image027_cell5,0.7128763934143638
KLM4154_T2.lif - Image027_cell6,0.8533828768049119
KLM4154_T2.lif - Image027_cell7,0.808030027537986
KLM4154_T2.lif - Image027_cell8,0.8562062300134555
KLM4154_T2.lif - Image027_cell9,0.7854814767041168
KLM4154_T2.lif - Image027_cell10,0.9211760642736349
KLM4154_T2.lif - Image027_cell11,0.7132276816499566
KLM4154_T2.lif - Image029_cell0,0.7677547496786142
KLM4154_T2.lif - Image029_cell2,0.9257765909353134
KLM4154_T2.lif - Image029_cell3,0.7529359359897282
KLM4154_T2.lif - Image029_cell4,0.667186458151228
KLM4154_T2.lif - Image029_cell5,0.7563174349506231
KLM4154_T2.lif - Image029_cell6,0.8942442046917958
KLM4154_T2.lif - Image029_cell7,0.6938052527752813
KLM4154_T2.lif - Image029_cell8,0.6732496990413687
KLM4154_T2.lif - Image029_cell9,0.8736153448788345
KLM4154_T2.lif - Image029_cell10,0.7786816521239724
KLM4154_T2.lif - Image029_cell11,0.7082059840093271
KLM4154_T2.lif - Image031_cell0,0.5326451465349531
KLM4154_T2.lif - Image031_cell1,0.8084901824844735
KLM4154_T2.lif - Image031_cell2,0.8824632109731874
KLM4154_T2.lif - Image031_cell3,0.6384402631864328
KLM4154_T2.lif - Image031_cell4,0.7133633733297293
KLM4154_T2.lif - Image031_cell5,0.8631697191722545
KLM4154_T2.lif - Image031_cell6,0.74489597414665
KLM4154_T2.lif - Image031_cell7,0.821909884126953
KLM4154_T2.lif - Image031_cell9,0.8670973317152428
KLM4154_T2.lif - Image031_cell10,0.5150048659817309
KLM4154_T2.lif - Image031_cell11,0.8660253649913374
KLM4154_T2.lif - Image033_cell0,0.6799097291045672
KLM4154_T2.lif - Image033_cell2,0.8532667852379683
KLM4154_T2.lif - Image033_cell3,0.8506115353308841
KLM4154_T2.lif - Image033_cell5,0.7663574732957705
KLM4154_T2.lif - Image033_cell7,0.8881694418581767
KLM4154_T2.lif - Image033_cell8,0.775161454153867
KLM4154_T2.lif - Image033_cell10,0.9091991785435312
KLM4154_T2.lif - Image035_cell0,0.8617309516049266
KLM4154_T2.lif - Image035_cell1,0.8366943816371086
KLM4154_T2.lif - Image035_cell2,0.7603427817615361
KLM4154_T2.lif - Image035_cell3,0.8017496321573201
KLM4154_T2.lif - Image035_cell4,0.8112159708857324
KLM4154_T2.lif - Image035_cell5,0.8770451274437004
KLM4154_T2.lif - Image035_cell6,0.6467637377135741
KLM4154_T2.lif - Image035_cell7,0.6480863632929343
KLM4154_T2.lif - Image035_cell8,0.9263579779545897
KLM4154_T2.lif - Image035_cell9,0.8117729472139306
KLM4154_T2.lif - Image035_cell10,0.8771793068174724
KLM4154_T2.lif - Image035_cell11,0.7853655900917358
KLM4154_T2.lif - Image037_cell0,0.8783692852094643
KLM4154_T2.lif - Image037_cell1,0.8319658449860924
KLM4154_T2.lif - Image037_cell2,0.924953499689267
KLM4154_T2.lif - Image037_cell3,0.9094266475100554
KLM4154_T2.lif - Image037_cell4,0.7236428244291147
KLM4154_T2.lif - Image037_cell5,0.595333416320545
KLM4154_T2.lif - Image037_cell6,0.8170953393729716
KLM4154_T2.lif - Image037_cell7,0.7701261824086135
KLM4154_T2.lif - Image037_cell9,0.9204651306234993
KLM4154_T2.lif - Image037_cell10,0.7071239772875049
KLM4154_T2.lif - Image039_cell0,0.6389780807671235
KLM4154_T2.lif - Image039_cell1,0.8387891750485726
KLM4154_T2.lif - Image039_cell2,0.7108088146579081
KLM4154_T2.lif - Image039_cell3,0.8133775425181224
KLM4154_T2.lif - Image039_cell4,0.7587474904127797
KLM4154_T2.lif - Image039_cell5,0.8950530075375737
KLM4154_T2.lif - Image039_cell6,0.857629722992482
KLM4154_T2.lif - Image039_cell7,0.5949909845943262
KLM4154_T2.lif - Image039_cell8,0.7787437646140426
KLM4154_T2.lif - Image039_cell10,0.8532688302664978
KLM4154_T2.lif - Image039_cell11,0.83168748329947
KLM4154_T2.lif - Image041_cell0,0.829232692861133
KLM4154_T2.lif - Image041_cell1,0.4617425984419814
KLM4154_T2.lif - Image041_cell2,0.8971610557462564
KLM4154_T2.lif - Image041_cell3,0.8571887498006712
KLM4154_T2.lif - Image041_cell4,0.7340927078842
KLM4154_T2.lif - Image041_cell5,0.7212150405790329
KLM4154_T2.lif - Image041_cell6,0.8163007591694297
KLM4154_T2.lif - Image041_cell7,0.8491389792384356
KLM4154_T2.lif - Image041_cell8,0.7029310330344731
KLM4154_T2.lif - Image041_cell11,0.722484593082467
KLM4154_T2.lif - Image043_cell1,0.8011859992496425
KLM4154_T2.lif - Image043_cell2,0.713362688687194
KLM4154_T2.lif - Image043_cell3,0.8505609446074016
KLM4154_T2.lif - Image043_cell4,0.5445408031224926
KLM4154_T2.lif - Image043_cell5,0.7766043263871854
KLM4154_T2.lif - Image043_cell6,0.9296239982574346
KLM4154_T2.lif - Image043_cell8,0.4786561084396279
KLM4154_T2.lif - Image043_cell9,0.7054035965411103
KLM4154_T2.lif - Image045_cell0,0.671373856757615
KLM4154_T2.lif - Image045_cell1,0.7370589550834767
KLM4154_T2.lif - Image045_cell2,0.8700465691725341
KLM4154_T2.lif - Image045_cell3,0.7145496808478127
KLM4154_T2.lif - Image045_cell4,0.846850012217933
KLM4154_T2.lif - Image045_cell5,0.7399048350647085
KLM4154_T2.lif - Image045_cell6,0.8391118025856461
KLM4154_T2.lif - Image045_cell7,0.7917458601063182
KLM4154_T2.lif - Image045_cell8,0.693239609229422
KLM4154_T2.lif - Image045_cell9,0.8682857800562133
KLM4154_T2.lif - Image045_cell10,0.8582657485087496
KLM4154_T2.lif - Image047_cell0,0.7621442279283267
KLM4154_T2.lif - Image047_cell2,0.9482950780875689
KLM4154_T2.lif - Image047_cell5,0.917123436160841
KLM4154_T2.lif - Image047_cell6,0.46252586544791285
KLM4154_T2.lif - Image047_cell7,0.7697605193622832
KLM4154_T2.lif - Image047_cell8,0.8531485502027939
KLM4154_T2.lif - Image047_cell10,0.7481680162773776
KLM4154_T2.lif - Image049_cell0,0.6427153671599488
KLM4154_T2.lif - Image049_cell1,0.8236236991862319
KLM4154_T2.lif - Image049_cell2,0.6748942073141134
KLM4154_T2.lif - Image049_cell3,0.778521571254878
KLM4154_T2.lif - Image049_cell4,0.6196038800235905
KLM4154_T2.lif - Image049_cell5,0.9207291326650102
KLM4154_T2.lif - Image049_cell6,0.7369962104292737
KLM4154_T2.lif - Image049_cell7,0.40984836410508996
KLM4154_T2.lif - Image049_cell8,0.8982417552135611
KLM4154_T2.lif - Image049_cell9,0.8114530333756056
KLM4154_T2.lif - Image051_cell0,0.5776457774551513
KLM4154_T2.lif - Image051_cell1,0.5493481793225932
KLM4154_T2.lif - Image053_cell0,0.7559494035676187
KLM4154_T2.lif - Image053_cell1,0.6559693260047047
KLM4154_T2.lif - Image053_cell3,0.7599717875548152
KLM4154_T2.lif - Image053_cell4,0.6725240748779971
KLM4154_T2.lif - Image053_cell5,0.7818756215700828
KLM4154_T2.lif - Image053_cell6,0.8498085209005766
KLM4154_T2.lif - Image053_cell9,0.7145089905794948
KLM4154_T2.lif - Image053_cell10,0.7648822578319568
KLM4154_T2.lif - Image053_cell11,0.675376748359762
KLM4154_T2.lif - Image055_cell0,0.6972935615648546
KLM4154_T2.lif - Image055_cell1,0.6753466386690526
KLM4154_T2.lif - Image055_cell2,0.7715612995876471
KLM4154_T2.lif - Image055_cell3,0.6739687344046228
KLM4154_T2.lif - Image055_cell4,0.7925700903649586
KLM4154_T2.lif - Image055_cell5,0.8911852377368391
KLM4154_T2.lif - Image055_cell7,0.6796571485327249
KLM4154_T2.lif - Image057_cell0,0.7726376901563802
KLM4154_T2.lif - Image057_cell1,0.5353157860227753
KLM4154_T2.lif - Image057_cell2,0.7871527264405388
KLM4154_T2.lif - Image057_cell3,0.8551873616540668
KLM4154_T2.lif - Image057_cell4,0.8251802669217398
KLM4154_T2.lif - Image057_cell5,0.6172759193645735
KLM4154_T2.lif - Image057_cell6,0.7018664187511192
KLM4154_T2.lif - Image057_cell7,0.794129941017995
KLM4154_T2.lif - Image057_cell8,0.7414782558491291
KLM4154_T2.lif - Image057_cell9,0.7900325661397721
KLM4154_T2.lif - Image057_cell10,0.7962013107226162
KLM4154_T2.lif - Image057_cell11,0.8890436246527847
KLM4154_T2.lif - Image059_cell0,0.8401281764154863
KLM4154_T2.lif - Image059_cell1,0.48155956697281604
KLM4154_T2.lif - Image059_cell3,0.7779708493099747
KLM4154_T2.lif - Image059_cell4,0.5725701285148868
KLM4154_T2.lif - Image059_cell5,0.7637491580778275
KLM4154_T2.lif - Image059_cell6,0.7578767710125738
KLM4154_T2.lif - Image059_cell7,0.7340521046350604
KLM4154_T2.lif - Image059_cell8,0.7308775687109927
KLM4154_T2.lif - Image059_cell11,0.8439337911294806
KLM4154_T2.lif - Image061_cell0,0.7979466745760252
KLM4154_T2.lif - Image061_cell1,0.8244793011543496
KLM4154_T2.lif - Image061_cell2,0.6446830519675738
KLM4154_T2.lif - Image061_cell4,0.9261722136036796
KLM4154_T2.lif - Image061_cell5,0.7913566945752718
KLM4154_T2.lif - Image061_cell6,0.8046785575947956
KLM4154_T2.lif - Image061_cell7,0.617733277762728
KLM4154_T2.lif - Image061_cell8,0.6588523520695257
KLM4154_T2.lif - Image061_cell9,0.8392753465983085
KLM4154_T2.lif - Image063_cell0,0.434984887277622
KLM4154_T2.lif - Image063_cell1,0.7982875309134243
KLM4154_T2.lif - Image063_cell2,0.7467755070376187
KLM4154_T2.lif - Image063_cell3,0.5851385720424191
KLM4154_T2.lif - Image063_cell4,0.5671286683114776
KLM4154_T2.lif - Image063_cell5,0.5546485030138865
KLM4154_T2.lif - Image063_cell6,0.8118947134462233
KLM4154_T2.lif - Image065_cell0,0.8690497666560125
KLM4154_T2.lif - Image065_cell1,0.8336324853501198
KLM4154_T2.lif - Image065_cell2,0.8828855352915866
KLM4154_T2.lif - Image065_cell3,0.6446673056511985
KLM4154_T2.lif - Image065_cell7,0.784538737373641
KLM4154_T2.lif - Image067_cell0,0.8022883880668993
KLM4154_T2.lif - Image067_cell1,0.7377746612165895
KLM4154_T2.lif - Image067_cell2,0.8108476757535747
KLM4154_T2.lif - Image067_cell3,0.8540921146277499
KLM4154_T2.lif - Image067_cell4,0.7051627212684032
KLM4154_T2.lif - Image067_cell5,0.7431520612676652
KLM4154_T2.lif - Image067_cell6,0.7992610326931123
KLM4154_T2.lif - Image067_cell7,0.7352216658869384
KLM4154_T2.lif - Image067_cell8,0.7437829795276176
KLM4154_T2.lif - Image067_cell10,0.9189843570713169
KLM4154_T2.lif - Image069_cell0,0.7550453342768364
KLM4154_T2.lif - Image069_cell2,0.875704019615602
KLM4154_T2.lif - Image069_cell3,0.9383274325707694
KLM4154_T2.lif - Image069_cell4,0.9129267336209604
KLM4154_T2.lif - Image069_cell5,0.7929564348970825
KLM4154_T2.lif - Image069_cell7,0.9478892119064415
KLM4154_T2.lif - Image069_cell8,0.7914133272813908
KLM4154_T2.lif - Image069_cell9,0.8343748784936234
KLM4154_T2.lif - Image071_cell0,0.7900138011060782
KLM4154_T2.lif - Image071_cell1,0.7668417190952768
KLM4154_T2.lif - Image071_cell2,0.523434315567427
KLM4154_T2.lif - Image071_cell3,0.914182343019249
KLM4154_T2.lif - Image071_cell4,0.6776649923358598
KLM4154_T2.lif - Image071_cell5,0.7234087198842276
KLM4154_T2.lif - Image071_cell6,0.6903979697000607
KLM4154_T2.lif - Image071_cell7,0.8258706955203695
KLM4154_T2.lif - Image071_cell9,0.7057375070312913
KLM4154_T2.lif - Image073_cell0,0.794386131705989
KLM4154_T2.lif - Image073_cell1,0.8549577968431603
KLM4154_T2.lif - Image073_cell2,0.3951465670458332
KLM4154_T2.lif - Image073_cell3,0.672178750901515
KLM4154_T2.lif - Image073_cell4,0.7018096848247813
KLM4154_T2.lif - Image073_cell5,0.8183217945867693
KLM4154_T2.lif - Image073_cell6,0.7420056392814449
KLM4154_T2.lif - Image073_cell7,0.800508805695994
KLM4154_T2.lif - Image073_cell8,0.7657065002399439
KLM4154_T2.lif - Image073_cell9,0.8557255702813794
KLM4154_T2.lif - Image073_cell10,0.8127461536040241
KLM4154_T2.lif - Image075_cell0,0.8643077293871565
KLM4154_T2.lif - Image075_cell1,0.9028167014486833
KLM4154_T2.lif - Image075_cell2,0.6938711702816667
KLM4154_T2.lif - Image075_cell3,0.8211539993113497
KLM4154_T2.lif - Image075_cell4,0.6831018193348947
KLM4154_T2.lif - Image075_cell5,0.824037977905791
KLM4154_T2.lif - Image075_cell7,0.7854719869812355
KLM4154_T2.lif - Image075_cell10,0.805113251772058
KLM4154_T2.lif - Image077_cell0,0.754490338545854
KLM4154_T2.lif - Image077_cell1,0.8094821656133809
KLM4154_T2.lif - Image077_cell3,0.9112020102796067
KLM4154_T2.lif - Image077_cell4,0.9186766144911512
KLM4154_T2.lif - Image077_cell5,0.8114212977212376
KLM4154_T2.lif - Image077_cell6,0.6764355014076736
KLM4154_T2.lif - Image077_cell7,0.831942383186346
KLM4154_T2.lif - Image077_cell8,0.9140743792868055
KLM4154_T3.lif - Image001_cell1,0.6898099833309209
KLM4154_T3.lif - Image001_cell2,0.810371948973123
KLM4154_T3.lif - Image001_cell4,0.5581307537509942
KLM4154_T3.lif - Image001_cell5,0.7636209179213028
KLM4154_T3.lif - Image003_cell1,0.7607116679378122
KLM4154_T3.lif - Image003_cell2,0.8330929515190777
KLM4154_T3.lif - Image003_cell3,0.5135651281676409
KLM4154_T3.lif - Image003_cell4,0.6789632550119412
KLM4154_T3.lif - Image003_cell5,0.7432271736480235
KLM4154_T3.lif - Image003_cell6,0.8927061120222651
KLM4154_T3.lif - Image003_cell7,0.7096062626699063
KLM4154_T3.lif - Image003_cell8,0.8339327974802807
KLM4154_T3.lif - Image003_cell10,0.7540295276412197
KLM4154_T3.lif - Image003_cell11,0.7902706367255901
KLM4154_T3.lif - Image005_cell0,0.8055253968448135
KLM4154_T3.lif - Image005_cell2,0.8273951817295357
KLM4154_T3.lif - Image005_cell3,0.5489402006089412
KLM4154_T3.lif - Image005_cell5,0.7056375188646528
KLM4154_T3.lif - Image005_cell7,0.7687560481747007
KLM4154_T3.lif - Image005_cell8,0.8516683127064812
KLM4154_T3.lif - Image005_cell9,0.7441724434445296
KLM4154_T3.lif - Image005_cell10,0.7135195035550019
KLM4154_T3.lif - Image005_cell11,0.7993971815808648
KLM4154_T3.lif - Image007_cell0,0.6504155758915805
KLM4154_T3.lif - Image007_cell1,0.8166711895894989
KLM4154_T3.lif - Image007_cell2,0.8691932427774458
KLM4154_T3.lif - Image007_cell3,0.735781289603121
KLM4154_T3.lif - Image007_cell4,0.7898961165275942
KLM4154_T3.lif - Image007_cell5,0.7742192227222188
KLM4154_T3.lif - Image007_cell6,0.893964621161235
KLM4154_T3.lif - Image007_cell7,0.8473573759682582
KLM4154_T3.lif - Image007_cell9,0.5647436388081228
KLM4154_T3.lif - Image007_cell10,0.7888573271711457
KLM4154_T3.lif - Image007_cell11,0.6783098482144312
KLM4154_T3.lif - Image009_cell0,0.6615555718912602
KLM4154_T3.lif - Image009_cell1,0.5437990316346839
KLM4154_T3.lif - Image009_cell2,0.5591248612528201
KLM4154_T3.lif - Image009_cell3,0.7452226930818827
KLM4154_T3.lif - Image009_cell5,0.7325619821056786
KLM4154_T3.lif - Image009_cell7,0.7764514815337764
KLM4154_T3.lif - Image009_cell8,0.45553731346899295
KLM4154_T3.lif - Image009_cell9,0.8262358883095803
KLM4154_T3.lif - Image009_cell10,0.7038241511142608
KLM4154_T3.lif - Image009_cell11,0.8229991427085965
KLM4154_T3.lif - Image011_cell0,0.7748287654682197
KLM4154_T3.lif - Image011_cell2,0.42986643051038037
KLM4154_T3.lif - Image011_cell3,0.823448226013692
KLM4154_T3.lif - Image011_cell4,0.7051188045043613
KLM4154_T3.lif - Image011_cell5,0.6396952558048461
KLM4154_T3.lif - Image011_cell6,0.6950238250496026
KLM4154_T3.lif - Image011_cell7,0.746205319095531
KLM4154_T3.lif - Image011_cell8,0.651491612695692
KLM4154_T3.lif - Image011_cell9,0.7874057793712103
KLM4154_T3.lif - Image011_cell11,0.7425699012888441
KLM4154_T3.lif - Image013_cell1,0.7953387278955951
KLM4154_T3.lif - Image013_cell2,0.7009407493871086
KLM4154_T3.lif - Image013_cell3,0.5893812003265642
KLM4154_T3.lif - Image013_cell4,0.6255570369153961
KLM4154_T3.lif - Image013_cell5,0.6819529374136831
KLM4154_T3.lif - Image013_cell6,0.7842837653576785
KLM4154_T3.lif - Image013_cell7,0.835293173915685
KLM4154_T3.lif - Image015_cell0,0.8025134099344817
KLM4154_T3.lif - Image015_cell1,0.7756949409070308
KLM4154_T3.lif - Image015_cell2,0.8041132823576512
KLM4154_T3.lif - Image015_cell3,0.6729494188031213
KLM4154_T3.lif - Image015_cell5,0.8086798394009256
KLM4154_T3.lif - Image015_cell7,0.6717554824942565
KLM4154_T3.lif - Image015_cell8,0.8494783712059836
KLM4154_T3.lif - Image015_cell10,0.6380844151660614
KLM4154_T3.lif - Image015_cell11,0.7222940808057311
KLM4154_T3.lif - Image017_cell1,0.6861524270842225
KLM4154_T3.lif - Image017_cell2,0.5940923004130534
KLM4154_T3.lif - Image017_cell5,0.8065296621513642
KLM4154_T3.lif - Image017_cell7,0.8403775218583837
KLM4154_T3.lif - Image017_cell8,0.5478625947551266
KLM4154_T3.lif - Image017_cell10,0.6394882958055078
KLM4154_T3.lif - Image017_cell11,0.5516273420520545
KLM4154_T3.lif - Image019_cell1,0.4565937292235903
KLM4154_T3.lif - Image019_cell2,0.6869487323064056
KLM4154_T3.lif - Image019_cell3,0.8515005607135034
KLM4154_T3.lif - Image019_cell4,0.7440085629255375
KLM4154_T3.lif - Image019_cell5,0.8906833260109052
KLM4154_T3.lif - Image019_cell6,0.6026090506633472
KLM4154_T3.lif - Image019_cell7,0.6810754150845942
KLM4154_T3.lif - Image019_cell8,0.7372919910381938
KLM4154_T3.lif - Image019_cell9,0.6178283911038371
KLM4154_T3.lif - Image021_cell0,0.8385146676169994
KLM4154_T3.lif - Image021_cell2,0.7967116219345948
KLM4154_T3.lif - Image021_cell3,0.7321764232917466
KLM4154_T3.lif - Image021_cell4,0.5465377736564457
KLM4154_T3.lif - Image021_cell5,0.807298306834216
KLM4154_T3.lif - Image021_cell6,0.68340286049917
KLM4154_T3.lif - Image021_cell7,0.7118679086557332
KLM4154_T3.lif - Image021_cell8,0.7360635558348553
KLM4154_T3.lif - Image021_cell9,0.9418241744015673
KLM4154_T3.lif - Image021_cell10,0.8234277725994624
KLM4154_T3.lif - Image021_cell11,0.8022036011239758
KLM4154_T3.lif - Image021_cell12,0.7758918031849543
KLM4154_T3.lif - Image023_cell0,0.6194973606431002
KLM4154_T3.lif - Image023_cell1,0.6564563318736807
KLM4154_T3.lif - Image023_cell2,0.6936807183407407
KLM4154_T3.lif - Image023_cell3,0.72474883660193
KLM4154_T3.lif - Image023_cell4,0.6295633407635389
KLM4154_T3.lif - Image023_cell5,0.817938037158049
KLM4154_T3.lif - Image023_cell6,0.35347235733380966
KLM4154_T3.lif - Image023_cell7,0.4853010025716672
KLM4154_T3.lif - Image023_cell8,0.6201766706822979
KLM4154_T3.lif - Image023_cell9,0.8369057693075281
KLM4154_T3.lif - Image023_cell10,0.2515891720725718
KLM4154_T3.lif - Image023_cell11,0.7957585792347893
KLM4154_T3.lif - Image025_cell0,0.6115128228238269
KLM4154_T3.lif - Image025_cell1,0.6891442349304081
KLM4154_T3.lif - Image025_cell2,0.5458576518258118
KLM4154_T3.lif - Image025_cell3,0.7769837829427847
KLM4154_T3.lif - Image025_cell4,0.7116656343763257
KLM4154_T3.lif - Image025_cell5,0.5730984206659588
KLM4154_T3.lif - Image025_cell6,0.38886660523692623
KLM4154_T3.lif - Image025_cell7,0.6342615750553303
KLM4154_T3.lif - Image025_cell8,0.6023745916107878
KLM4154_T3.lif - Image025_cell9,0.6257904224976978
KLM4154_T3.lif - Image025_cell10,0.8095662416559983
KLM4154_T3.lif - Image025_cell11,0.7595361113811306
KLM4154_T3.lif - Image027_cell1,0.8055777077949648
KLM4154_T3.lif - Image027_cell3,0.7379419569308049
KLM4154_T3.lif - Image027_cell4,0.5765461603573336
KLM4154_T3.lif - Image027_cell5,0.5630824554379836
KLM4154_T3.lif - Image027_cell6,0.8729790148282368
KLM4154_T3.lif - Image027_cell7,0.67138027991533
KLM4154_T3.lif - Image027_cell8,0.6805139526713859
KLM4154_T3.lif - Image027_cell9,0.7167213520708806
KLM4154_T3.lif - Image027_cell10,0.5554988631802414
KLM4154_T3.lif - Image027_cell11,0.684432518260587
KLM4154_T3.lif - Image029_cell0,0.8135143891552464
KLM4154_T3.lif - Image029_cell1,0.7654930450177615
KLM4154_T3.lif - Image029_cell2,0.8631244351635966
KLM4154_T3.lif - Image029_cell3,0.5946537490238408
KLM4154_T3.lif - Image029_cell5,0.45461420877373543
KLM4154_T3.lif - Image029_cell6,0.7134643003678508
KLM4154_T3.lif - Image029_cell7,0.8113396591735068
KLM4154_T3.lif - Image029_cell8,0.6305017785216257
KLM4154_T3.lif - Image029_cell10,0.7004850993733536
KLM4154_T3.lif - Image029_cell11,0.7456844954129982
KLM4154_T3.lif - Image031_cell0,0.5628351417059542
KLM4154_T3.lif - Image031_cell1,0.6989797858065729
KLM4154_T3.lif - Image031_cell2,0.5809800310480329
KLM4154_T3.lif - Image031_cell4,0.5444449444022931
KLM4154_T3.lif - Image031_cell5,0.5069729257684334
KLM4154_T3.lif - Image031_cell6,0.8566004824253268
KLM4154_T3.lif - Image031_cell7,0.6896591930965936
KLM4154_T3.lif - Image031_cell8,0.8316812273132032
KLM4154_T3.lif - Image031_cell9,0.8076061315841222
KLM4154_T3.lif - Image031_cell10,0.6917682774821907
KLM4154_T3.lif - Image031_cell11,0.6359283061428026
KLM4154_T3.lif - Image033_cell0,0.7432427400926703
KLM4154_T3.lif - Image033_cell1,0.6952544707026087
KLM4154_T3.lif - Image033_cell2,0.6702463687158186
KLM4154_T3.lif - Image033_cell3,0.752741911337447
KLM4154_T3.lif - Image033_cell5,0.8410502495376206
KLM4154_T3.lif - Image033_cell6,0.8357222364003565
KLM4154_T3.lif - Image033_cell7,0.659286465374434
KLM4154_T3.lif - Image033_cell8,0.7407553605468826
KLM4154_T3.lif - Image033_cell9,0.5539351299040504
KLM4154_T3.lif - Image033_cell10,0.7830222034794965
KLM4154_T3.lif - Image033_cell11,0.6597316895939438
KLM4154_T3.lif - Image035_cell0,0.6019118702642895
KLM4154_T3.lif - Image035_cell2,0.7825246664238349
KLM4154_T3.lif - Image035_cell3,0.7759837760142311
KLM4154_T3.lif - Image035_cell4,0.7549484243305146
KLM4154_T3.lif - Image035_cell5,0.756287762791921
KLM4154_T3.lif - Image035_cell6,0.49954374593459583
KLM4154_T3.lif - Image035_cell7,0.6842171137909965
KLM4154_T3.lif - Image035_cell9,0.6771510937010669
KLM4154_T3.lif - Image035_cell10,0.7189148044752642
KLM4154_T3.lif - Image035_cell11,0.46113071427721763
KLM4154_T3.lif - Image037_cell0,0.6659684570468477
KLM4154_T3.lif - Image037_cell1,0.7231720827350935
KLM4154_T3.lif - Image037_cell2,0.6475140376885347
KLM4154_T3.lif - Image037_cell3,0.7919812861296766
KLM4154_T3.lif - Image037_cell4,0.44830685157063643
KLM4154_T3.lif - Image037_cell5,0.8811015980964662
KLM4154_T3.lif - Image037_cell6,0.6351053633291367
KLM4154_T3.lif - Image037_cell7,0.6394634410136844
KLM4154_T3.lif - Image037_cell8,0.6079510219165132
KLM4154_T3.lif - Image037_cell9,0.700839857843885
KLM4154_T3.lif - Image037_cell10,0.7960802119266133
KLM4154_T3.lif - Image037_cell11,0.7023867815957779
KLM4154_T3.lif - Image039_cell0,0.8067655707879676
KLM4154_T3.lif - Image039_cell1,0.7120428801801106
KLM4154_T3.lif - Image039_cell2,0.7837996642318623
KLM4154_T3.lif - Image039_cell3,0.7657468589748821
KLM4154_T3.lif - Image039_cell4,0.8273353062658331
KLM4154_T3.lif - Image039_cell5,0.7226977820650542
KLM4154_T3.lif - Image039_cell6,0.5732416409962582
KLM4154_T3.lif - Image039_cell7,0.8186548753472157
KLM4154_T3.lif - Image039_cell8,0.6657961545050504
KLM4154_T3.lif - Image039_cell9,0.4993013825468931
KLM4154_T3.lif - Image039_cell10,0.8077470472948469
KLM4154_T3.lif - Image039_cell11,0.5778330405519873
KLM4154_T3.lif - Image041_cell0,0.77702622823212
KLM4154_T3.lif - Image041_cell1,0.7159566230932916
KLM4154_T3.lif - Image041_cell2,0.8710096776739932
KLM4154_T3.lif - Image041_cell3,0.6233376535344759
KLM4154_T3.lif - Image041_cell4,0.6560000553394857
KLM4154_T3.lif - Image041_cell6,0.8262449372104161
KLM4154_T3.lif - Image041_cell7,0.6253071451635613
KLM4154_T3.lif - Image041_cell8,0.8105062773323974
KLM4154_T3.lif - Image041_cell9,0.573846602433446
KLM4154_T3.lif - Image041_cell11,0.6455873359139163
KLM4154_T3.lif - Image043_cell0,0.6922785622982534
KLM4154_T3.lif - Image043_cell2,0.7181525770160669
KLM4154_T3.lif - Image043_cell3,0.7706115559268325
KLM4154_T3.lif - Image043_cell4,0.7161295444547967
KLM4154_T3.lif - Image043_cell5,0.6263631956385879
KLM4154_T3.lif - Image043_cell6,0.8548605615839434
KLM4154_T3.lif - Image043_cell7,0.6030442288089607
KLM4154_T3.lif - Image043_cell8,0.6488970264901248
KLM4154_T3.lif - Image043_cell9,0.9397892408785674
KLM4154_T3.lif - Image043_cell10,0.8748068385882564
KLM4154_T3.lif - Image045_cell0,0.8840071543237489
KLM4154_T3.lif - Image045_cell1,0.8254034478050172
KLM4154_T3.lif - Image045_cell2,0.7137928630112663
KLM4154_T3.lif - Image045_cell3,0.8876408989112675
KLM4154_T3.lif - Image045_cell4,0.7093036871257444
KLM4154_T3.lif - Image045_cell5,0.8232787794367723
KLM4154_T3.lif - Image045_cell6,0.7205764002971362
KLM4154_T3.lif - Image045_cell7,0.616713592614903
KLM4154_T3.lif - Image045_cell9,0.5414988590498976
KLM4154_T3.lif - Image045_cell10,0.839415629687968
KLM4154_T3.lif - Image045_cell11,0.804497669073726
KLM4154_T3.lif - Image047_cell0,0.7626769432935199
KLM4154_T3.lif - Image047_cell1,0.5401108681701602
KLM4154_T3.lif - Image047_cell3,0.8711674319875476
KLM4154_T3.lif - Image047_cell5,0.6350978473263307
KLM4154_T3.lif - Image047_cell6,0.6901954834687983
KLM4154_T3.lif - Image047_cell7,0.8091564338563624
KLM4154_T3.lif - Image047_cell8,0.5205401243933153
KLM4154_T3.lif - Image049_cell0,0.648079290878375
KLM4154_T3.lif - Image049_cell1,0.7950966257411969
KLM4154_T3.lif - Image049_cell2,0.8637123036326692
KLM4154_T3.lif - Image049_cell3,0.5430146156769082
KLM4154_T3.lif - Image049_cell4,0.6422724706132094
KLM4154_T3.lif - Image049_cell5,0.7665367196995067
KLM4154_T3.lif - Image049_cell6,0.8386620040357526
KLM4154_T3.lif - Image049_cell7,0.7288343361910461
KLM4154_T3.lif - Image049_cell8,0.5038956744456444
KLM4154_T3.lif - Image049_cell9,0.6976330461537882
KLM4154_T3.lif - Image049_cell10,0.8936929431809606
KLM4154_T3.lif - Image049_cell11,0.6861804749754752
KLM4154_T3.lif - Image051_cell0,0.7470313770486935
KLM4154_T3.lif - Image051_cell1,0.6216638635613191
KLM4154_T3.lif - Image051_cell2,0.7378058295702281
KLM4154_T3.lif - Image051_cell3,0.6706787744605208
KLM4154_T3.lif - Image051_cell4,0.565381355387381
KLM4154_T3.lif - Image051_cell5,0.8407298818388818
KLM4154_T3.lif - Image051_cell7,0.7942303344291815
KLM4154_T3.lif - Image051_cell8,0.5443238075563919
KLM4154_T3.lif - Image051_cell9,0.6101199349314821
KLM4154_T3.lif - Image051_cell10,0.29360859645036924
KLM4154_T3.lif - Image051_cell11,0.6529543370023784
KLM4154_T3.lif - Image053_cell0,0.817101974313732
KLM4154_T3.lif - Image053_cell1,0.7828862086827122
KLM4154_T3.lif - Image053_cell2,0.7576684106702021
KLM4154_T3.lif - Image053_cell3,0.6863352066117533
KLM4154_T3.lif - Image053_cell4,0.7181377926080041
KLM4154_T3.lif - Image053_cell6,0.6350079087995107
KLM4154_T3.lif - Image053_cell7,0.6761235409908027
KLM4154_T3.lif - Image053_cell8,0.6398208230163784
KLM4154_T3.lif - Image053_cell9,0.6616916565576606
KLM4154_T3.lif - Image053_cell10,0.6068993029289601
KLM4154_T3.lif - Image053_cell11,0.8097927400594435
KLM4154_T3.lif - Image055_cell0,0.7366555002965675
KLM4154_T3.lif - Image055_cell2,0.622523318251584
KLM4154_T3.lif - Image055_cell3,0.8368612938732982
KLM4154_T3.lif - Image055_cell4,0.60473456735886
KLM4154_T3.lif - Image055_cell6,0.5531538388398616
KLM4154_T3.lif - Image055_cell7,0.8248083462684055
KLM4154_T3.lif - Image055_cell8,0.6295161442714302
KLM4154_T3.lif - Image055_cell9,0.6648106873045314
KLM4154_T3.lif - Image057_cell0,0.7780059531558209
KLM4154_T3.lif - Image057_cell1,0.7760009813960798
KLM4154_T3.lif - Image057_cell3,0.6044673558065015
KLM4154_T3.lif - Image057_cell4,0.44445004686306394
KLM4154_T3.lif - Image057_cell5,0.321728374555085
KLM4154_T3.lif - Image057_cell7,0.7761330116459415
KLM4154_T3.lif - Image057_cell8,0.8728442574421218
KLM4154_T3.lif - Image057_cell10,0.5346171395133601
KLM4154_T3.lif - Image057_cell11,0.6420476670719099
KLM4154_T3.lif - Image059_cell0,0.6998719321156186
KLM4154_T3.lif - Image059_cell1,0.7197417936478284
KLM4154_T3.lif - Image059_cell2,0.8507834991398351
KLM4154_T3.lif - Image059_cell3,0.6415966005367535
KLM4154_T3.lif - Image059_cell4,0.3793417701807145
KLM4154_T3.lif - Image059_cell5,0.7521631854693618
KLM4154_T3.lif - Image059_cell7,0.7092534481747601
KLM4154_T3.lif - Image059_cell9,0.6786810919762792
KLM4154_T3.lif - Image059_cell10,0.6699171148301669
KLM4154_T3.lif - Image059_cell11,0.7787322204931193
KLM4154_T3.lif - Image061_cell0,0.6768107302439377
KLM4154_T3.lif - Image061_cell2,0.8232958222827128
KLM4154_T3.lif - Image061_cell3,0.8822761374025722
KLM4154_T3.lif - Image061_cell4,0.6651024633242948
KLM4154_T3.lif - Image061_cell6,0.4826866028765758
KLM4154_T3.lif - Image061_cell7,0.2990738282164219
KLM4154_T3.lif - Image061_cell8,0.8434051777929
KLM4154_T3.lif - Image061_cell9,0.779064907584597
KLM4154_T3.lif - Image061_cell11,0.8254509181898565
KLM4154_T4.lif - Image001_cell0,0.5145470509410665
KLM4154_T4.lif - Image001_cell1,0.6464764812810949
KLM4154_T4.lif - Image001_cell2,0.7862301901836751
KLM4154_T4.lif - Image001_cell3,0.28420959933167084
KLM4154_T4.lif - Image001_cell4,0.36337881996882787
KLM4154_T4.lif - Image001_cell5,0.8460547132231702
KLM4154_T4.lif - Image001_cell6,0.7298566079176597
KLM4154_T4.lif - Image001_cell7,0.40122268248455634
KLM4154_T4.lif - Image001_cell8,0.6024767205283624
KLM4154_T4.lif - Image001_cell9,0.7237028102798533
KLM4154_T4.lif - Image001_cell10,0.5608211134889399
KLM4154_T4.lif - Image001_cell11,0.5842474222247415
KLM4154_T4.lif - Image003_cell0,0.6326808838429312
KLM4154_T4.lif - Image003_cell2,0.6857727556578397
KLM4154_T4.lif - Image003_cell3,0.6709802190546065
KLM4154_T4.lif - Image003_cell4,0.6236594777099941
KLM4154_T4.lif - Image003_cell5,0.7130873040288684
KLM4154_T4.lif - Image003_cell6,0.7435268415120784
KLM4154_T4.lif - Image003_cell8,0.8184859930902492
KLM4154_T4.lif - Image003_cell9,0.7604634863372132
KLM4154_T4.lif - Image007_cell0,0.6661842599505291
KLM4154_T4.lif - Image007_cell1,0.8918715417499493
KLM4154_T4.lif - Image007_cell2,0.7201092756190913
KLM4154_T4.lif - Image007_cell3,0.6759370902479123
KLM4154_T4.lif - Image007_cell4,0.9353055971930647
KLM4154_T4.lif - Image007_cell5,0.8672115119142196
KLM4154_T4.lif - Image007_cell6,0.8374555523049751
KLM4154_T4.lif - Image007_cell7,0.7679975590502716
KLM4154_T4.lif - Image007_cell8,0.7513557483798413
KLM4154_T4.lif - Image007_cell9,0.6605137917824975
KLM4154_T4.lif - Image007_cell10,0.7253016689294889
KLM4154_T4.lif - Image007_cell11,0.7994621921211146
KLM4154_T4.lif - Image009_cell3,0.6528755476093859
KLM4154_T4.lif - Image009_cell4,0.9060010774134298
KLM4154_T4.lif - Image009_cell5,0.674607616939252
KLM4154_T4.lif - Image009_cell6,0.8435313502375421
KLM4154_T4.lif - Image011_cell0,0.6591298934393887
KLM4154_T4.lif - Image011_cell1,0.6883931423607461
KLM4154_T4.lif - Image011_cell2,0.4794772319581274
KLM4154_T4.lif - Image011_cell3,0.503233532975745
KLM4154_T4.lif - Image011_cell4,0.6131500618475826
KLM4154_T4.lif - Image011_cell5,0.8392586796492828
KLM4154_T4.lif - Image011_cell7,0.8478377109085693
KLM4154_T4.lif - Image011_cell8,0.6011550123178081
KLM4154_T4.lif - Image011_cell9,0.7348185357953377
KLM4154_T4.lif - Image013_cell1,0.3564037192779637
KLM4154_T4.lif - Image013_cell2,0.34257444104340223
KLM4154_T4.lif - Image013_cell4,0.8496718204892905
KLM4154_T4.lif - Image013_cell5,0.7340680877050036
KLM4154_T4.lif - Image013_cell6,0.6878312915092809
KLM4154_T4.lif - Image013_cell7,0.7663943826067118
KLM4154_T4.lif - Image013_cell8,0.6720641558369363
KLM4154_T4.lif - Image013_cell9,0.6326578236615316
KLM4154_T4.lif - Image013_cell10,0.7990121477702832
KLM4154_T4.lif - Image015_cell0,0.7118059845134328
KLM4154_T4.lif - Image015_cell1,0.5888961664703448
KLM4154_T4.lif - Image015_cell2,0.8065817681483722
KLM4154_T4.lif - Image015_cell3,0.7116620604407748
KLM4154_T4.lif - Image015_cell4,0.6913993636797386
KLM4154_T4.lif - Image015_cell5,0.7928836055967515
KLM4154_T4.lif - Image015_cell6,0.6920325930672244
KLM4154_T4.lif - Image015_cell7,0.5941130578173632
KLM4154_T4.lif - Image015_cell8,0.5863143218433426
KLM4154_T4.lif - Image015_cell9,0.6970260367542817
KLM4154_T4.lif - Image017_cell0,0.7830431252556179
KLM4154_T4.lif - Image017_cell1,0.7515668647614331
KLM4154_T4.lif - Image017_cell2,0.7808292855848946
KLM4154_T4.lif - Image017_cell3,0.6327617613931908
KLM4154_T4.lif - Image017_cell5,0.7692994719335182
KLM4154_T4.lif - Image017_cell6,0.53459297280947
KLM4154_T4.lif - Image017_cell7,0.7413142044771083
KLM4154_T4.lif - Image017_cell8,0.7957456128832623
KLM4154_T4.lif - Image017_cell9,0.7981658980239668
KLM4154_T4.lif - Image017_cell10,0.8803914193926743
KLM4154_T4.lif - Image017_cell11,0.4960234408132799
KLM4154_T4.lif - Image019_cell0,0.6480622411579511
KLM4154_T4.lif - Image019_cell1,0.6636727722534969
KLM4154_T4.lif - Image019_cell2,0.7230920125255658
KLM4154_T4.lif - Image019_cell3,0.6435256071043112
KLM4154_T4.lif - Image019_cell5,0.7238178953094769
KLM4154_T4.lif - Image021_cell0,0.6188002637150299
KLM4154_T4.lif - Image021_cell1,0.8344190474505964
KLM4154_T4.lif - Image021_cell2,0.7827466294158152
KLM4154_T4.lif - Image021_cell3,0.745908089848445
KLM4154_T4.lif - Image021_cell4,0.8324030142993324
KLM4154_T4.lif - Image021_cell5,0.7595065717515195
KLM4154_T4.lif - Image021_cell7,0.8062106259446228
KLM4154_T4.lif - Image021_cell8,0.5128547258425779
KLM4154_T4.lif - Image021_cell9,0.7331020722526284
KLM4154_T4.lif - Image021_cell10,0.670984765699963
KLM4154_T4.lif - Image023_cell0,0.8204211991418605
KLM4154_T4.lif - Image023_cell1,0.8636214823808972
KLM4154_T4.lif - Image023_cell2,0.7658788608845465
KLM4154_T4.lif - Image023_cell4,0.7633088118019099
KLM4154_T4.lif - Image023_cell5,0.6962196811691553
KLM4154_T4.lif - Image023_cell6,0.7653571714099117
KLM4154_T4.lif - Image023_cell7,0.5241872115880748
KLM4154_T4.lif - Image023_cell8,0.6422411390405567
KLM4154_T4.lif - Image023_cell9,0.746584670883956
KLM4154_T4.lif - Image025_cell0,0.840064926586813
KLM4154_T4.lif - Image025_cell1,0.8128594636496942
KLM4154_T4.lif - Image025_cell2,0.6890055508931092
KLM4154_T4.lif - Image025_cell3,0.7897333181934927
KLM4154_T4.lif - Image025_cell4,0.8063537866195868
KLM4154_T4.lif - Image025_cell5,0.7617033676830363
KLM4154_T4.lif - Image025_cell7,0.7620628913523761
KLM4154_T4.lif - Image025_cell9,0.5052113023278355
KLM4154_T4.lif - Image025_cell10,0.6399327312974642
KLM4154_T4.lif - Image025_cell11,0.7063515906425825
KLM4154_T4.lif - Image027_cell0,0.6751870941261746
KLM4154_T4.lif - Image027_cell1,0.7942650665618542
KLM4154_T4.lif - Image027_cell2,0.8306023168053137
KLM4154_T4.lif - Image027_cell3,0.8683152470898374
KLM4154_T4.lif - Image027_cell4,0.6140631938749165
KLM4154_T4.lif - Image027_cell5,0.6255167416893793
KLM4154_T4.lif - Image027_cell6,0.5752754050354717
KLM4154_T4.lif - Image027_cell7,0.5890711626468371
KLM4154_T4.lif - Image027_cell8,0.7358806865404277
KLM4154_T4.lif - Image027_cell9,0.6944135475806973
KLM4154_T4.lif - Image027_cell10,0.7358563857863526
KLM4154_T4.lif - Image027_cell11,0.7853741540162649
KLM4154_T4.lif - Image029_cell0,0.46053117650469766
KLM4154_T4.lif - Image029_cell1,0.8164198079838355
KLM4154_T4.lif - Image029_cell2,0.7177609515580814
KLM4154_T4.lif - Image029_cell3,0.5451262100333458
KLM4154_T4.lif - Image029_cell4,0.6936604549744521
KLM4154_T4.lif - Image029_cell7,0.8300079606547524
KLM4154_T4.lif - Image029_cell8,0.7842484417289819
KLM4154_T4.lif - Image029_cell9,0.8421407629317599
KLM4154_T4.lif - Image029_cell10,0.621076009308183
KLM4154_T4.lif - Image029_cell11,0.46271818846300805
KLM4154_T4.lif - Image031_cell0,0.7899700012918804
KLM4154_T4.lif - Image031_cell1,0.7816361181876874
KLM4154_T4.lif - Image031_cell2,0.7438242131800595
KLM4154_T4.lif - Image031_cell3,0.7806436233824021
KLM4154_T4.lif - Image031_cell4,0.7385196536389432
KLM4154_T4.lif - Image031_cell5,0.7677300417089565
KLM4154_T4.lif - Image031_cell6,0.6502569631117219
KLM4154_T4.lif - Image031_cell7,0.7163368393144146
KLM4154_T4.lif - Image033_cell0,0.8572220714410399
KLM4154_T4.lif - Image033_cell1,0.4713416582294854
KLM4154_T4.lif - Image033_cell2,0.8690229637787
KLM4154_T4.lif - Image033_cell3,0.6910127706979404
KLM4154_T4.lif - Image033_cell4,0.7511365197964835
KLM4154_T4.lif - Image033_cell5,0.6598693585044824
KLM4154_T4.lif - Image033_cell6,0.7670211423041912
KLM4154_T4.lif - Image033_cell7,0.8013696359947691
KLM4154_T4.lif - Image033_cell8,0.5114137132069996
KLM4154_T4.lif - Image033_cell10,0.7776439322816464
KLM4154_T4.lif - Image033_cell11,0.8102821036323594
KLM4154_T4.lif - Image035_cell0,0.821967971973621
KLM4154_T4.lif - Image035_cell1,0.7650037044474755
KLM4154_T4.lif - Image035_cell2,0.7242142276021655
KLM4154_T4.lif - Image035_cell3,0.5505600619244356
KLM4154_T4.lif - Image035_cell5,0.7771957534605356
KLM4154_T4.lif - Image035_cell6,0.7067192051477282
KLM4154_T4.lif - Image035_cell7,0.7116387884476609
KLM4154_T4.lif - Image035_cell8,0.7468141962322822
KLM4154_T4.lif - Image035_cell9,0.8356955878764856
KLM4154_T4.lif - Image037_cell0,0.5172324114585175
KLM4154_T4.lif - Image037_cell2,0.731949737971596
KLM4154_T4.lif - Image037_cell3,0.6822566132089036
KLM4154_T4.lif - Image037_cell4,0.6681231955045529
KLM4154_T4.lif - Image037_cell5,0.6569655461356392
KLM4154_T4.lif - Image037_cell6,0.7930091063921362
KLM4154_T4.lif - Image037_cell7,0.8181474700056486
KLM4154_T4.lif - Image037_cell9,0.5555683984720012
KLM4154_T4.lif - Image039_cell0,0.7458321206130117
KLM4154_T4.lif - Image039_cell2,0.5770585140361831
KLM4154_T4.lif - Image039_cell3,0.8364291690403668
KLM4154_T4.lif - Image039_cell4,0.8225387580871453
KLM4154_T4.lif - Image039_cell5,0.43964818475203754
KLM4154_T4.lif - Image039_cell6,0.7478728292741853
KLM4154_T4.lif - Image039_cell7,0.6583625008558337
KLM4154_T4.lif - Image039_cell9,0.6320867082498699
KLM4154_T4.lif - Image039_cell10,0.6405982305636172
KLM4154_T4.lif - Image039_cell11,0.7771641845290789
KLM4154_T4.lif - Image041_cell0,0.5810089006246854
KLM4154_T4.lif - Image041_cell1,0.6971579752121125
KLM4154_T4.lif - Image041_cell2,0.8933585752099664
KLM4154_T4.lif - Image041_cell3,0.6948586559167854
KLM4154_T4.lif - Image041_cell4,0.7765155740667732
KLM4154_T4.lif - Image041_cell5,0.5560029707010481
KLM4154_T4.lif - Image041_cell6,0.812890355965383
KLM4154_T4.lif - Image041_cell8,0.7611528777907217
KLM4154_T4.lif - Image041_cell9,0.7744376818892068
KLM4154_T4.lif - Image043_cell0,0.7717842923054031
KLM4154_T4.lif - Image043_cell1,0.7710289951482489
KLM4154_T4.lif - Image043_cell2,0.7259065456872208
KLM4154_T4.lif - Image043_cell3,0.7397806567737911
KLM4154_T4.lif - Image043_cell4,0.885600325348932
KLM4154_T4.lif - Image043_cell5,0.5472036300303527
KLM4154_T4.lif - Image043_cell7,0.7810670928274442
KLM4154_T4.lif - Image045_cell0,0.8388158671828798
KLM4154_T4.lif - Image045_cell1,0.5150425853791303
KLM4154_T4.lif - Image045_cell2,0.7412603755301224
KLM4154_T4.lif - Image045_cell3,0.6125204326325187
KLM4154_T4.lif - Image045_cell4,0.7268921599808917
KLM4154_T4.lif - Image045_cell5,0.8323998826636724
KLM4154_T4.lif - Image045_cell7,0.6551287044429855
KLM4154_T4.lif - Image047_cell0,0.86339044107261
KLM4154_T4.lif - Image047_cell1,0.647785604683321
KLM4154_T4.lif - Image047_cell2,0.7184686218591074
KLM4154_T4.lif - Image047_cell3,0.6582698461508312
KLM4154_T4.lif - Image047_cell4,0.8897665245161764
KLM4154_T4.lif - Image047_cell5,0.4924405223159546
KLM4154_T4.lif - Image047_cell6,0.6065951535667385
KLM4154_T4.lif - Image047_cell7,0.7553375182214584
KLM4154_T4.lif - Image047_cell8,0.7264540859692311
KLM4154_T4.lif - Image049_cell0,0.7139838446907063
KLM4154_T4.lif - Image049_cell1,0.7041759678738144
KLM4154_T4.lif - Image049_cell2,0.7081359976967362
KLM4154_T4.lif - Image049_cell3,0.6965051134437327
KLM4154_T4.lif - Image049_cell4,0.6849797662364898
KLM4154_T4.lif - Image049_cell5,0.7305180621299162
KLM4154_T4.lif - Image049_cell6,0.7200741070037924
KLM4154_T4.lif - Image049_cell7,0.6594497868774546
KLM4154_T4.lif - Image049_cell8,0.6467505821295816
KLM4154_T4.lif - Image049_cell9,0.6701350725138235
KLM4154_T4.lif - Image049_cell10,0.5858526828863957
KLM4154_T4.lif - Image049_cell11,0.7717909394933417
KLM4154_T4.lif - Image051_cell0,0.6681494526818629
KLM4154_T4.lif - Image051_cell1,0.7774933822224491
KLM4154_T4.lif - Image051_cell3,0.7838146743746038
KLM4154_T4.lif - Image051_cell5,0.8637787941391694
KLM4154_T4.lif - Image051_cell6,0.6818298800111097
KLM4154_T4.lif - Image051_cell8,0.6312329252020468
KLM4154_T4.lif - Image051_cell10,0.7559981103889816
KLM4154_T4.lif - Image053_cell1,0.6782215791332571
KLM4154_T4.lif - Image053_cell2,0.767110818616787
KLM4154_T4.lif - Image053_cell5,0.7158621195578756
KLM4154_T4.lif - Image053_cell6,0.6022955457812903
KLM4154_T4.lif - Image053_cell7,0.7216363856659344
KLM4154_T4.lif - Image053_cell9,0.2811105474624147
KLM4154_T4.lif - Image053_cell10,0.8234031846796553
KLM4154_T4.lif - Image053_cell11,0.7810576561613135
KLM4154_T4.lif - Image055_cell2,0.7927640269958884
KLM4154_T4.lif - Image055_cell3,0.67499407968733
KLM4154_T4.lif - Image055_cell4,0.623624459537642
KLM4154_T4.lif - Image055_cell5,0.5951464017835914
KLM4154_T4.lif - Image055_cell6,0.8062804868543569
KLM4154_T4.lif - Image055_cell7,0.7569726321269147
KLM4154_T4.lif - Image057_cell0,0.7638678362828654
KLM4154_T4.lif - Image057_cell1,0.8209095777481888
KLM4154_T4.lif - Image057_cell3,0.7750207297683216
KLM4154_T4.lif - Image057_cell4,0.7388699911062079
KLM4154_T4.lif - Image057_cell5,0.7883813063809506
KLM4154_T4.lif - Image057_cell6,0.8284994206170841
KLM4154_T4.lif - Image057_cell7,0.6173761716980658
KLM4154_T4.lif - Image057_cell8,0.8604801127630898
KLM4154_T4.lif - Image059_cell0,0.6019771511501147
KLM4154_T4.lif - Image059_cell1,0.6040324771756153
KLM4154_T4.lif - Image059_cell2,0.7391262986897081
KLM4154_T4.lif - Image059_cell3,0.7926970083266454
KLM4154_T4.lif - Image059_cell5,0.5906088190093408
KLM4154_T4.lif - Image059_cell6,0.6460754304704034
KLM4154_T4.lif - Image059_cell7,0.6900932802720481
KLM4154_T4.lif - Image059_cell8,0.5811053913901028
KLM4154_T4.lif - Image059_cell9,0.4336726246461024
KLM4154_T4.lif - Image059_cell10,0.6476289460184774
KLM4154_T4.lif - Image061_cell0,0.8458435018156664
KLM4154_T4.lif - Image061_cell1,0.6694753817624457
KLM4154_T4.lif - Image061_cell2,0.733184692561492
KLM4154_T4.lif - Image061_cell4,0.44637786118158107
KLM4154_T4.lif - Image061_cell5,0.8166975803759015
KLM4154_T4.lif - Image061_cell6,0.7457494845609652
KLM4154_T4.lif - Image061_cell7,0.6076602722661992
KLM4154_T4.lif - Image063_cell0,0.7781736704902174
KLM4154_T4.lif - Image063_cell2,0.7452496068214916
KLM4154_T4.lif - Image063_cell3,0.7450109136849099
KLM4154_T4.lif - Image063_cell4,0.6759057455827817
KLM4154_T4.lif - Image063_cell5,0.7050497070289347
KLM4154_T4.lif - Image065_cell0,0.6878144000514452
KLM4154_T4.lif - Image065_cell1,0.8465680057747581
KLM4154_T4.lif - Image065_cell2,0.7816604483907144
KLM4154_T4.lif - Image065_cell3,0.7134229033009571
KLM4154_T4.lif - Image065_cell5,0.7582867718490159
KLM4154_T4.lif - Image065_cell6,0.7446672562434941
KLM4154_T4.lif - Image065_cell8,0.8192516140429539
KLM4154_T4.lif - Image065_cell9,0.743607304287753
KLM4154_T4.lif - Image065_cell10,0.7049236723877521
KLM4154_T4.lif - Image067_cell0,0.5731714865052566
KLM4154_T4.lif - Image067_cell1,0.7027159249694178
KLM4154_T4.lif - Image067_cell2,0.7161740971446184
KLM4154_T4.lif - Image067_cell3,0.4774302526340207
KLM4154_T4.lif - Image067_cell4,0.7262433100327983
KLM4154_T4.lif - Image067_cell5,0.7647189659584495
KLM4154_T4.lif - Image069_cell0,0.7686150116346837
KLM4154_T4.lif - Image069_cell1,0.7653724426015494
KLM4154_T4.lif - Image069_cell2,0.8065141145152307
KLM4154_T4.lif - Image069_cell3,0.8156136777587607
KLM4154_T4.lif - Image069_cell4,0.8414582068294353
KLM4154_T4.lif - Image069_cell5,0.7342242595849116
KLM4154_T4.lif - Image069_cell6,0.5615937432581947
KLM4154_T4.lif - Image069_cell7,0.8092797087061774
KLM4154_T4.lif - Image069_cell8,0.7447946539642437
KLM4154_T4.lif - Image069_cell9,0.8366899948297467
KLM4154_T4.lif - Image069_cell10,0.7479071203822542
KLM4154_T4.lif - Image069_cell11,0.6182213278376061
KLM4154_T4.lif - Image071_cell1,0.739572470637993
KLM4154_T4.lif - Image071_cell2,0.7726040371166069
KLM4154_T4.lif - Image071_cell3,0.8036652778448793
KLM4154_T4.lif - Image071_cell5,0.720098084040593
KLM4154_T4.lif - Image071_cell6,0.8698080583103608
KLM4154_T4.lif - Image071_cell8,0.7093054968241431
KLM4154_T4.lif - Image071_cell10,0.6298980571905665
KLM4154_T4.lif - Image071_cell11,0.8398729481811771
KLM4154_T4.lif - Image073_cell0,0.8261294281306705
KLM4154_T4.lif - Image073_cell1,0.7751134498023134
KLM4154_T4.lif - Image073_cell2,0.8319969115578314
KLM4154_T4.lif - Image073_cell3,0.8160485029593967
KLM4154_T4.lif - Image073_cell4,0.6516142010018017
KLM4154_T4.lif - Image073_cell5,0.6361441840735044
KLM4154_T4.lif - Image073_cell7,0.7310841627033852
KLM4154_T4.lif - Image073_cell8,0.781334199982768
KLM4154_T4.lif - Image073_cell9,0.7261293894567944
KLM4154_T4.lif - Image075_cell0,0.820351720658179
KLM4154_T4.lif - Image075_cell1,0.5535573935687497
KLM4154_T4.lif - Image075_cell2,0.8632723663837657
KLM4154_T4.lif - Image075_cell3,0.8609420525707476
KLM4154_T4.lif - Image075_cell4,0.7825559601257859
KLM4154_T4.lif - Image075_cell5,0.6705711094140827
KLM4154_T4.lif - Image075_cell6,0.7375581397108087
KLM4154_T4.lif - Image075_cell7,0.4823218570938437
KLM4154_T4.lif - Image075_cell8,0.589779077749969
KLM4154_T4.lif - Image075_cell9,0.7125102770679562
KLM4154_T4.lif - Image075_cell10,0.45537184861619223
KLM4154_T4.lif - Image075_cell11,0.46678714459582277
KLM4154_T4.lif - Image077_cell0,0.6554289060244475
KLM4154_T4.lif - Image077_cell1,0.6856354759731305
KLM4154_T4.lif - Image077_cell2,0.7360004513762229
KLM4154_T4.lif - Image077_cell3,0.7650399953953562
KLM4154_T4.lif - Image077_cell4,0.7151687457743662
KLM4154_T4.lif - Image077_cell6,0.7963709415014197
KLM4154_T4.lif - Image077_cell7,0.7990989889572356
KLM4154_T4.lif - Image077_cell8,0.6057655659845261
KLM4154_T4.lif - Image077_cell9,0.7016243681829295
