KLM4153_T1.lif - Image001_cell0,0.5898396005529328
KLM4153_T1.lif - Image001_cell1,0.7544936083229468
KLM4153_T1.lif - Image001_cell2,0.7729738996522697
KLM4153_T1.lif - Image001_cell3,0.6416320908582189
KLM4153_T1.lif - Image001_cell4,0.8010418812405627
KLM4153_T1.lif - Image001_cell5,0.7461302844162205
KLM4153_T1.lif - Image001_cell6,0.6820632967816384
KLM4153_T1.lif - Image001_cell7,0.7815565521158498
KLM4153_T1.lif - Image001_cell8,0.7633133783141833
KLM4153_T1.lif - Image001_cell9,0.7734570129203303
KLM4153_T1.lif - Image002_cell0,0.7726030332328414
KLM4153_T1.lif - Image002_cell1,0.6548052252737524
KLM4153_T1.lif - Image002_cell2,0.5480308694388841
KLM4153_T1.lif - Image002_cell3,0.8145144525416352
KLM4153_T1.lif - Image002_cell4,0.777574023608398
KLM4153_T1.lif - Image002_cell5,0.7407531012675584
KLM4153_T1.lif - Image002_cell6,0.55498888642184
KLM4153_T1.lif - Image002_cell7,0.6529408647209082
KLM4153_T1.lif - Image002_cell8,0.5959048387037245
KLM4153_T1.lif - Image002_cell9,0.7606807469890903
KLM4153_T1.lif - Image002_cell11,0.7833777181069066
KLM4153_T1.lif - Image003_cell0,0.8186749415963687
KLM4153_T1.lif - Image003_cell1,0.8542594950490219
KLM4153_T1.lif - Image003_cell3,0.670581943345626
KLM4153_T1.lif - Image003_cell5,0.6290820229835781
KLM4153_T1.lif - Image003_cell6,0.7887753474166916
KLM4153_T1.lif - Image003_cell7,0.5726346795847843
KLM4153_T1.lif - Image003_cell8,0.802080317741646
KLM4153_T1.lif - Image003_cell9,0.6790914263048508
KLM4153_T1.lif - Image004_cell0,0.7861637917107187
KLM4153_T1.lif - Image004_cell1,0.5940512694650573
KLM4153_T1.lif - Image004_cell2,0.8194178987150004
KLM4153_T1.lif - Image004_cell3,0.7975890068282253
KLM4153_T1.lif - Image004_cell4,0.7304328785237509
KLM4153_T1.lif - Image004_cell5,0.8305149886472278
KLM4153_T1.lif - Image004_cell6,0.6839018331039809
KLM4153_T1.lif - Image004_cell7,0.6756876106766194
KLM4153_T1.lif - Image004_cell8,0.6287855201488554
KLM4153_T1.lif - Image004_cell9,0.6899688528852405
KLM4153_T1.lif - Image004_cell10,0.8038375888424238
KLM4153_T1.lif - Image004_cell11,0.7069388966028558
KLM4153_T1.lif - Image005_cell0,0.8120237760122295
KLM4153_T1.lif - Image005_cell1,0.7686118404365961
KLM4153_T1.lif - Image005_cell2,0.636278914660029
KLM4153_T1.lif - Image005_cell3,0.6455358671322542
KLM4153_T1.lif - Image005_cell4,0.7470473537861256
KLM4153_T1.lif - Image005_cell5,0.502210451481877
KLM4153_T1.lif - Image005_cell6,0.756326438770902
KLM4153_T1.lif - Image005_cell7,0.7195876272243129
KLM4153_T1.lif - Image005_cell8,0.730827832515273
KLM4153_T1.lif - Image005_cell9,0.8583505286499582
KLM4153_T1.lif - Image005_cell10,0.8245728988405772
KLM4153_T1.lif - Image005_cell11,0.7778357390045382
KLM4153_T1.lif - Image007_cell0,0.741621910261109
KLM4153_T1.lif - Image007_cell1,0.7563021280319243
KLM4153_T1.lif - Image007_cell2,0.7131523222233405
KLM4153_T1.lif - Image007_cell4,0.6923142160072987
KLM4153_T1.lif - Image007_cell5,0.7267224408748636
KLM4153_T1.lif - Image007_cell6,0.7090894277703702
KLM4153_T1.lif - Image007_cell7,0.741446107520824
KLM4153_T1.lif - Image007_cell8,0.6563983410126502
KLM4153_T1.lif - Image007_cell9,0.6934519423654373
KLM4153_T1.lif - Image007_cell10,0.7362400323604019
KLM4153_T1.lif - Image008_cell0,0.6560828951473403
KLM4153_T1.lif - Image008_cell1,0.7662161916151407
KLM4153_T1.lif - Image008_cell3,0.7600606933409324
KLM4153_T1.lif - Image008_cell4,0.9136191245962341
KLM4153_T1.lif - Image008_cell5,0.6870246480582743
KLM4153_T1.lif - Image008_cell6,0.7631391499372501
KLM4153_T1.lif - Image008_cell7,0.8094615403242341
KLM4153_T1.lif - Image008_cell9,0.684318043160093
KLM4153_T1.lif - Image009_cell0,0.7899947071509194
KLM4153_T1.lif - Image009_cell1,0.6029308022991621
KLM4153_T1.lif - Image009_cell2,0.6046429737521993
KLM4153_T1.lif - Image009_cell3,0.6299753967854674
KLM4153_T1.lif - Image009_cell4,0.7600062675808286
KLM4153_T1.lif - Image009_cell5,0.7897001018705851
KLM4153_T1.lif - Image009_cell6,0.8178161643072382
KLM4153_T1.lif - Image009_cell7,0.6829358936261227
KLM4153_T1.lif - Image009_cell8,0.637463063091209
KLM4153_T1.lif - Image009_cell9,0.4822640010729837
KLM4153_T1.lif - Image009_cell10,0.8542509088939478
KLM4153_T1.lif - Image009_cell11,0.7226149942297996
KLM4153_T1.lif - Image011_cell1,0.8481659624769801
KLM4153_T1.lif - Image011_cell2,0.4290695412781613
KLM4153_T1.lif - Image011_cell3,0.7652525319582267
KLM4153_T1.lif - Image011_cell4,0.7778677346524473
KLM4153_T1.lif - Image011_cell5,0.6525601199857296
KLM4153_T1.lif - Image011_cell6,0.743475354048879
KLM4153_T1.lif - Image011_cell7,0.697594579261185
KLM4153_T1.lif - Image011_cell8,0.8714267290617269
KLM4153_T1.lif - Image011_cell9,0.6967896060235107
KLM4153_T1.lif - Image013_cell0,0.6613370041609646
KLM4153_T1.lif - Image013_cell1,0.6893966346345847
KLM4153_T1.lif - Image013_cell2,0.7057192479305124
KLM4153_T1.lif - Image013_cell3,0.6028025089336179
KLM4153_T1.lif - Image013_cell4,0.6679823422757423
KLM4153_T1.lif - Image013_cell5,0.627043323085438
KLM4153_T1.lif - Image013_cell6,0.8255330595680908
KLM4153_T1.lif - Image013_cell8,0.6437418951707913
KLM4153_T1.lif - Image013_cell9,0.5918811052008438
KLM4153_T1.lif - Image013_cell10,0.7379897159298116
KLM4153_T1.lif - Image013_cell11,0.7533814443948788
KLM4153_T1.lif - Image015_cell0,0.884595566086151
KLM4153_T1.lif - Image015_cell4,0.48289407181706967
KLM4153_T1.lif - Image015_cell5,0.7756274072928471
KLM4153_T1.lif - Image015_cell6,0.7242245191455221
KLM4153_T1.lif - Image015_cell8,0.6971365102948996
KLM4153_T1.lif - Image015_cell9,0.6977732403573912
KLM4153_T1.lif - Image015_cell10,0.7980104559525086
KLM4153_T1.lif - Image015_cell12,0.7257818662631166
KLM4153_T1.lif - Image017_cell0,0.8047737276306497
KLM4153_T1.lif - Image017_cell1,0.6754176616945425
KLM4153_T1.lif - Image017_cell2,0.6124799622196772
KLM4153_T1.lif - Image017_cell3,0.6146268288668523
KLM4153_T1.lif - Image017_cell4,0.696119739253263
KLM4153_T1.lif - Image017_cell5,0.7161793596340513
KLM4153_T1.lif - Image017_cell6,0.6898468187369724
KLM4153_T1.lif - Image017_cell8,0.793972402639987
KLM4153_T1.lif - Image017_cell9,0.6961983715353112
KLM4153_T1.lif - Image017_cell10,0.7284260409387413
KLM4153_T1.lif - Image017_cell11,0.8294252198024095
KLM4153_T1.lif - Image017_cell12,0.6731870341055461
KLM4153_T1.lif - Image019_cell0,0.811821677735048
KLM4153_T1.lif - Image019_cell1,0.7595037896478539
KLM4153_T1.lif - Image019_cell2,0.8642292366982259
KLM4153_T1.lif - Image019_cell4,0.8057723099176676
KLM4153_T1.lif - Image019_cell6,0.9014871973824176
KLM4153_T1.lif - Image019_cell7,0.6981519785926006
KLM4153_T1.lif - Image019_cell8,0.6011488253314675
KLM4153_T1.lif - Image019_cell9,0.6332474458801337
KLM4153_T1.lif - Image019_cell10,0.748636705551923
KLM4153_T1.lif - Image019_cell11,0.6416284555967469
KLM4153_T1.lif - Image021_cell0,0.5681036775543813
KLM4153_T1.lif - Image021_cell1,0.5463444254929618
KLM4153_T1.lif - Image021_cell2,0.6614472713233032
KLM4153_T1.lif - Image021_cell3,0.6110298451391267
KLM4153_T1.lif - Image021_cell4,0.6936851975870335
KLM4153_T1.lif - Image021_cell5,0.5821422892143256
KLM4153_T1.lif - Image021_cell6,0.5045812959618575
KLM4153_T1.lif - Image021_cell8,0.7361828179043269
KLM4153_T1.lif - Image021_cell9,0.6822866481210873
KLM4153_T1.lif - Image023_cell0,0.8541054283846669
KLM4153_T1.lif - Image023_cell1,0.7430395237361441
KLM4153_T1.lif - Image023_cell2,0.6397474397282029
KLM4153_T1.lif - Image023_cell3,0.7629208678510204
KLM4153_T1.lif - Image023_cell7,0.7322803176853925
KLM4153_T1.lif - Image023_cell8,0.6111727190082455
KLM4153_T1.lif - Image023_cell9,0.7472140112614826
KLM4153_T1.lif - Image023_cell10,0.6777288528023949
KLM4153_T1.lif - Image023_cell11,0.6563900854586628
KLM4153_T1.lif - Image027_cell0,0.7270002153596709
KLM4153_T1.lif - Image027_cell1,0.648496252196038
KLM4153_T1.lif - Image027_cell2,0.7802664486658909
KLM4153_T1.lif - Image027_cell3,0.8491944208560265
KLM4153_T1.lif - Image027_cell5,0.6711630363942958
KLM4153_T1.lif - Image027_cell6,0.540176551316442
KLM4153_T1.lif - Image027_cell7,0.5017340611247924
KLM4153_T1.lif - Image027_cell8,0.7801110637704223
KLM4153_T1.lif - Image031_cell0,0.5987932213737235
KLM4153_T1.lif - Image031_cell1,0.6805307398812784
KLM4153_T1.lif - Image031_cell2,0.7334544189189409
KLM4153_T1.lif - Image031_cell4,0.7698980501370457
KLM4153_T1.lif - Image031_cell5,0.670304390453421
KLM4153_T1.lif - Image031_cell6,0.866862913651601
KLM4153_T1.lif - Image031_cell8,0.788110450107727
KLM4153_T1.lif - Image031_cell11,0.6577211635785528
KLM4153_T1.lif - Image033_cell0,0.8168072344543076
KLM4153_T1.lif - Image033_cell1,0.6231174003144052
KLM4153_T1.lif - Image033_cell2,0.6705447012847918
KLM4153_T1.lif - Image033_cell4,0.7172047960361997
KLM4153_T1.lif - Image033_cell6,0.7726665091100487
KLM4153_T1.lif - Image033_cell7,0.612774266402795
KLM4153_T1.lif - Image033_cell9,0.5996628758246083
KLM4153_T1.lif - Image033_cell10,0.6923438738330816
KLM4153_T1.lif - Image033_cell11,0.5974584536830633
KLM4153_T1.lif - Image035_cell0,0.6503005474871267
KLM4153_T1.lif - Image035_cell1,0.6972497579299994
KLM4153_T1.lif - Image035_cell2,0.7881639647892511
KLM4153_T1.lif - Image035_cell3,0.8080844689346962
KLM4153_T1.lif - Image035_cell6,0.5363588751538427
KLM4153_T1.lif - Image035_cell7,0.7174819786578329
KLM4153_T1.lif - Image035_cell9,0.9024415367045964
KLM4153_T1.lif - Image037_cell0,0.7161223127005518
KLM4153_T1.lif - Image037_cell1,0.4644424431900887
KLM4153_T1.lif - Image037_cell2,0.6832637832480849
KLM4153_T1.lif - Image037_cell3,0.7347891894208042
KLM4153_T1.lif - Image037_cell4,0.7158011926381208
KLM4153_T1.lif - Image037_cell5,0.572104576580297
KLM4153_T1.lif - Image037_cell6,0.7535747470105648
KLM4153_T1.lif - Image037_cell7,0.7033536365876599
KLM4153_T1.lif - Image037_cell8,0.6905478785985074
KLM4153_T1.lif - Image037_cell9,0.45836990633998687
KLM4153_T1.lif - Image037_cell10,0.6828684891280601
KLM4153_T1.lif - Image037_cell11,0.786884558908844
KLM4153_T1.lif - Image039_cell0,0.39034554385095205
KLM4153_T1.lif - Image039_cell4,0.8122441466366943
KLM4153_T1.lif - Image039_cell6,0.5941079375901077
KLM4153_T1.lif - Image041_cell0,0.6122489765056607
KLM4153_T1.lif - Image041_cell1,0.5856132026020024
KLM4153_T1.lif - Image041_cell2,0.7732006308133593
KLM4153_T1.lif - Image041_cell4,0.6861384262696256
KLM4153_T1.lif - Image041_cell5,0.6414961328909607
KLM4153_T1.lif - Image041_cell6,0.5388900978612278
KLM4153_T1.lif - Image041_cell7,0.8662836247650499
KLM4153_T1.lif - Image041_cell8,0.5921872335678813
KLM4153_T1.lif - Image041_cell9,0.8600913847294361
KLM4153_T1.lif - Image041_cell11,0.7091923915404585
KLM4153_T1.lif - Image043_cell0,0.7833354902621081
KLM4153_T1.lif - Image043_cell2,0.7837875803723763
KLM4153_T1.lif - Image043_cell4,0.7242638308092613
KLM4153_T1.lif - Image043_cell5,0.6946555710011454
KLM4153_T1.lif - Image043_cell6,0.43342710789475253
KLM4153_T1.lif - Image045_cell0,0.6674431065781368
KLM4153_T1.lif - Image045_cell3,0.7184257728295043
KLM4153_T1.lif - Image045_cell4,0.45882963406381244
KLM4153_T1.lif - Image045_cell5,0.5803073051651939
KLM4153_T1.lif - Image045_cell6,0.06206065193219739
KLM4153_T1.lif - Image045_cell7,0.7509779382495028
KLM4153_T1.lif - Image045_cell8,0.5932724012990651
KLM4153_T1.lif - Image045_cell9,0.6991365285468186
KLM4153_T1.lif - Image045_cell10,0.6990315916223965
KLM4153_T1.lif - Image047_cell1,0.8533996187063287
KLM4153_T1.lif - Image047_cell2,0.6873619657892046
KLM4153_T1.lif - Image047_cell3,0.6892383506192667
KLM4153_T1.lif - Image047_cell4,0.6216929752791014
KLM4153_T1.lif - Image047_cell5,0.7303060865696185
KLM4153_T1.lif - Image047_cell6,0.7889398696016092
KLM4153_T1.lif - Image047_cell7,0.8455966412688805
KLM4153_T1.lif - Image047_cell8,0.7367425233378783
KLM4153_T1.lif - Image047_cell9,0.7564703278854732
KLM4153_T1.lif - Image047_cell10,0.6474670889250405
KLM4153_T1.lif - Image047_cell11,0.6851031053528807
KLM4153_T1.lif - Image049_cell0,0.7268420415515269
KLM4153_T1.lif - Image049_cell1,0.631395082708524
KLM4153_T1.lif - Image049_cell2,0.647209361435771
KLM4153_T1.lif - Image049_cell4,0.7897254101554221
KLM4153_T1.lif - Image049_cell5,0.6846769909501957
KLM4153_T1.lif - Image049_cell7,0.8329022939205892
KLM4153_T1.lif - Image049_cell8,0.7028332751485413
KLM4153_T1.lif - Image049_cell9,0.7442701041259482
KLM4153_T1.lif - Image049_cell10,0.6824755323462207
KLM4153_T1.lif - Image049_cell11,0.5961295798718874
KLM4153_T1.lif - Image051_cell0,0.6967525914651099
KLM4153_T1.lif - Image051_cell2,0.7700454351755217
KLM4153_T1.lif - Image051_cell4,0.563401365985997
KLM4153_T1.lif - Image051_cell5,0.7654132240594491
KLM4153_T1.lif - Image051_cell6,0.5564990436712611
KLM4153_T1.lif - Image051_cell7,0.8186003836677549
KLM4153_T1.lif - Image051_cell8,0.7346030979060687
KLM4153_T1.lif - Image051_cell9,0.708540389155495
KLM4153_T1.lif - Image051_cell10,0.7731531880355146
KLM4153_T1.lif - Image051_cell11,0.6330956886621112
KLM4153_T1.lif - Image053_cell0,0.6805951473037368
KLM4153_T1.lif - Image053_cell1,0.7914875945020765
KLM4153_T1.lif - Image053_cell2,0.7954704577901769
KLM4153_T1.lif - Image053_cell3,0.4728737262409624
KLM4153_T1.lif - Image053_cell4,0.7767746336265399
KLM4153_T1.lif - Image053_cell5,0.8700350663109296
KLM4153_T1.lif - Image053_cell6,0.7299593251736202
KLM4153_T1.lif - Image053_cell7,0.5865498046867236
KLM4153_T1.lif - Image053_cell8,0.734954487341574
KLM4153_T1.lif - Image053_cell9,0.755819764115594
KLM4153_T1.lif - Image053_cell11,0.7042558220105742
KLM4153_T1.lif - Image055_cell0,0.7878330001881881
KLM4153_T1.lif - Image055_cell1,0.8560166260366909
KLM4153_T1.lif - Image055_cell3,0.6545584142260362
KLM4153_T1.lif - Image055_cell4,0.8155720053386433
KLM4153_T1.lif - Image055_cell5,0.5328597231763716
KLM4153_T1.lif - Image055_cell6,0.5110530456976288
KLM4153_T1.lif - Image055_cell7,0.7381553145288869
KLM4153_T1.lif - Image055_cell8,0.5367286277681986
KLM4153_T1.lif - Image055_cell9,0.6481053120392398
KLM4153_T1.lif - Image055_cell10,0.7924118423572302
KLM4153_T1.lif - Image057_cell0,0.6129256648919166
KLM4153_T1.lif - Image057_cell1,0.7329111000373649
KLM4153_T1.lif - Image057_cell2,0.6581338623180796
KLM4153_T1.lif - Image057_cell3,0.7735747733418804
KLM4153_T1.lif - Image057_cell4,0.5692295137776627
KLM4153_T1.lif - Image057_cell5,0.44446745659452774
KLM4153_T1.lif - Image057_cell6,0.7124413532516957
KLM4153_T1.lif - Image057_cell7,0.48678999505711085
KLM4153_T1.lif - Image057_cell8,0.7926705219686327
KLM4153_T1.lif - Image057_cell9,0.4253542914493846
KLM4153_T1.lif - Image057_cell10,0.7689380232123176
KLM4153_T1.lif - Image057_cell11,0.7249048398743979
KLM4153_T1.lif - Image059_cell0,0.7021599657729601
KLM4153_T1.lif - Image059_cell1,0.8276579172396216
KLM4153_T1.lif - Image059_cell2,0.651743182215207
KLM4153_T1.lif - Image059_cell4,0.7501506274142722
KLM4153_T1.lif - Image059_cell5,0.6223367369428994
KLM4153_T1.lif - Image059_cell6,0.7535735076775454
KLM4153_T1.lif - Image059_cell7,0.7143147872093658
KLM4153_T1.lif - Image059_cell8,0.6555205667451494
KLM4153_T1.lif - Image059_cell9,0.9254481598306331
KLM4153_T1.lif - Image059_cell10,0.7619044079093462
KLM4153_T1.lif - Image059_cell11,0.5639107830314666
KLM4153_T2.lif - Image001_cell0,0.5957085011606279
KLM4153_T2.lif - Image001_cell1,0.675400159358912
KLM4153_T2.lif - Image001_cell2,0.7434284812409064
KLM4153_T2.lif - Image001_cell3,0.6560538109465225
KLM4153_T2.lif - Image001_cell5,0.8801427632367814
KLM4153_T2.lif - Image001_cell6,0.7679148610743831
KLM4153_T2.lif - Image001_cell7,0.7813185873007533
KLM4153_T2.lif - Image001_cell8,0.654304518766869
KLM4153_T2.lif - Image001_cell9,0.7846274855179559
KLM4153_T2.lif - Image001_cell11,0.8014846155034644
KLM4153_T2.lif - Image003_cell0,0.7856312588757473
KLM4153_T2.lif - Image003_cell2,0.7002726467226081
KLM4153_T2.lif - Image003_cell3,0.8801568547695979
KLM4153_T2.lif - Image003_cell4,0.862697076012726
KLM4153_T2.lif - Image003_cell5,0.5844476477566815
KLM4153_T2.lif - Image003_cell6,0.4282626453068198
KLM4153_T2.lif - Image003_cell7,0.7646427939790692
KLM4153_T2.lif - Image003_cell8,0.8548488273529731
KLM4153_T2.lif - Image005_cell1,0.8918096055221773
KLM4153_T2.lif - Image005_cell2,0.7662338521722345
KLM4153_T2.lif - Image005_cell4,0.6523693732227812
KLM4153_T2.lif - Image005_cell5,0.8455333243803279
KLM4153_T2.lif - Image005_cell6,0.6171152003538
KLM4153_T2.lif - Image005_cell7,0.7924062202160717
KLM4153_T2.lif - Image005_cell8,0.8769257817041615
KLM4153_T2.lif - Image007_cell0,0.8811924843707117
KLM4153_T2.lif - Image007_cell1,0.7566157930918109
KLM4153_T2.lif - Image007_cell2,0.45919962074030296
KLM4153_T2.lif - Image007_cell4,0.8683835795167253
KLM4153_T2.lif - Image007_cell5,0.8080957414312027
KLM4153_T2.lif - Image007_cell6,0.8610030753284177
KLM4153_T2.lif - Image007_cell9,0.8602238534552477
KLM4153_T2.lif - Image007_cell10,0.8698512385116434
KLM4153_T2.lif - Image009_cell0,0.7151983248346938
KLM4153_T2.lif - Image009_cell3,0.7930342156741742
KLM4153_T2.lif - Image009_cell4,0.8198073731280563
KLM4153_T2.lif - Image009_cell5,0.8493774524539316
KLM4153_T2.lif - Image009_cell6,0.6989646102215563
KLM4153_T2.lif - Image009_cell7,0.6149780109142673
KLM4153_T2.lif - Image009_cell9,0.7915932946381848
KLM4153_T2.lif - Image009_cell11,0.7561432481120882
KLM4153_T2.lif - Image011_cell1,0.8057247842710327
KLM4153_T2.lif - Image011_cell2,0.8021926484421855
KLM4153_T2.lif - Image011_cell3,0.8468676776702527
KLM4153_T2.lif - Image011_cell4,0.8263463394258305
KLM4153_T2.lif - Image011_cell5,0.741969203728253
KLM4153_T2.lif - Image011_cell7,0.2816232718373319
KLM4153_T2.lif - Image011_cell9,0.7749369746183811
KLM4153_T2.lif - Image011_cell10,0.44972321540500215
KLM4153_T2.lif - Image013_cell0,0.8280041691862009
KLM4153_T2.lif - Image013_cell1,0.8031226478364665
KLM4153_T2.lif - Image013_cell2,0.7915117578349665
KLM4153_T2.lif - Image013_cell3,0.693730184140363
KLM4153_T2.lif - Image013_cell4,0.7627447461910568
KLM4153_T2.lif - Image013_cell5,0.8601058605959399
KLM4153_T2.lif - Image013_cell7,0.884913319086687
KLM4153_T2.lif - Image013_cell8,0.8105144702932743
KLM4153_T2.lif - Image013_cell9,0.8364755656049031
KLM4153_T2.lif - Image015_cell0,0.7457758796623566
KLM4153_T2.lif - Image015_cell1,0.7065658051766852
KLM4153_T2.lif - Image015_cell2,0.7476942762845199
KLM4153_T2.lif - Image015_cell3,0.7966896403414419
KLM4153_T2.lif - Image015_cell4,0.661487925510619
KLM4153_T2.lif - Image015_cell6,0.9000577643046987
KLM4153_T2.lif - Image015_cell7,0.773455492285271
KLM4153_T2.lif - Image015_cell8,0.6527697111711729
KLM4153_T2.lif - Image015_cell9,0.7426584432339427
KLM4153_T2.lif - Image015_cell10,0.7766337024674564
KLM4153_T2.lif - Image015_cell11,0.8313574435874577
KLM4153_T2.lif - Image019_cell0,0.9154109879817703
KLM4153_T2.lif - Image019_cell1,0.8421616309732851
KLM4153_T2.lif - Image019_cell2,0.7409244190507294
KLM4153_T2.lif - Image019_cell3,0.8706121274529688
KLM4153_T2.lif - Image019_cell4,0.6391164744580352
KLM4153_T2.lif - Image019_cell5,0.8425933320729696
KLM4153_T2.lif - Image019_cell6,0.8630856824322624
KLM4153_T2.lif - Image019_cell7,0.7711352056439511
KLM4153_T2.lif - Image019_cell8,0.8574256994987278
KLM4153_T2.lif - Image019_cell9,0.7725583125905621
KLM4153_T2.lif - Image021_cell0,0.6914296777217587
KLM4153_T2.lif - Image021_cell1,0.711684210075359
KLM4153_T2.lif - Image021_cell2,0.6861582437004586
KLM4153_T2.lif - Image021_cell3,0.8649466837840076
KLM4153_T2.lif - Image021_cell4,0.8470075452382211
KLM4153_T2.lif - Image021_cell5,0.8157082609228835
KLM4153_T2.lif - Image021_cell6,0.6968178403903238
KLM4153_T2.lif - Image021_cell8,0.8288978559907404
KLM4153_T2.lif - Image021_cell9,0.697793527289392
KLM4153_T2.lif - Image021_cell10,0.6682746888533591
KLM4153_T2.lif - Image021_cell11,0.8383180548675855
KLM4153_T2.lif - Image021_cell12,0.5266442534286039
KLM4153_T2.lif - Image023_cell0,0.7781339651661195
KLM4153_T2.lif - Image023_cell1,0.6145578937712655
KLM4153_T2.lif - Image023_cell2,0.628027399835746
KLM4153_T2.lif - Image023_cell3,0.6082068151082305
KLM4153_T2.lif - Image023_cell5,0.7179206995681833
KLM4153_T2.lif - Image023_cell6,0.7989337555428829
KLM4153_T2.lif - Image023_cell7,0.6592319069608029
KLM4153_T2.lif - Image023_cell8,0.6741435367700027
KLM4153_T2.lif - Image023_cell9,0.7448405282599058
KLM4153_T2.lif - Image023_cell11,0.7776601839959482
KLM4153_T2.lif - Image025_cell0,0.7848157121849199
KLM4153_T2.lif - Image025_cell1,0.7151682214427659
KLM4153_T2.lif - Image025_cell2,0.8136056065297846
KLM4153_T2.lif - Image025_cell3,0.7825818509664138
KLM4153_T2.lif - Image025_cell4,0.8298451913699587
KLM4153_T2.lif - Image025_cell5,0.7955907734888391
KLM4153_T2.lif - Image025_cell6,0.850020208909541
KLM4153_T2.lif - Image025_cell7,0.9194026132493727
KLM4153_T2.lif - Image025_cell8,0.8446079522842888
KLM4153_T2.lif - Image025_cell10,0.708104332574113
KLM4153_T2.lif - Image025_cell11,0.7695944815651234
KLM4153_T2.lif - Image027_cell0,0.8432129360144262
KLM4153_T2.lif - Image027_cell1,0.8053157856558877
KLM4153_T2.lif - Image027_cell2,0.948421605814059
KLM4153_T2.lif - Image027_cell3,0.7572676642908329
KLM4153_T2.lif - Image027_cell4,0.7713853987366157
KLM4153_T2.lif - Image027_cell5,0.8201699885754289
KLM4153_T2.lif - Image027_cell6,0.8220858962598253
KLM4153_T2.lif - Image027_cell8,0.6883907028666711
KLM4153_T2.lif - Image027_cell9,0.8166576367878517
KLM4153_T2.lif - Image027_cell10,0.7988701339187587
KLM4153_T2.lif - Image029_cell3,0.8934210022783686
KLM4153_T2.lif - Image029_cell4,0.798729957427606
KLM4153_T2.lif - Image029_cell5,0.839661642654218
KLM4153_T2.lif - Image029_cell6,0.9032127886473177
KLM4153_T2.lif - Image029_cell7,0.7927709635681299
KLM4153_T2.lif - Image029_cell8,0.7614671387303352
KLM4153_T2.lif - Image029_cell9,0.7191298900813878
KLM4153_T2.lif - Image029_cell11,0.6785741024885947
KLM4153_T2.lif - Image031_cell1,0.615239116440938
KLM4153_T2.lif - Image031_cell2,0.7660234768366783
KLM4153_T2.lif - Image031_cell3,0.7782863181615219
KLM4153_T2.lif - Image031_cell4,0.6648474573995337
KLM4153_T2.lif - Image031_cell5,0.7535749945330072
KLM4153_T2.lif - Image031_cell6,0.808120090949256
KLM4153_T2.lif - Image031_cell7,0.7696647592609484
KLM4153_T2.lif - Image031_cell10,0.4824616940378329
KLM4153_T2.lif - Image033_cell0,0.6978676972728085
KLM4153_T2.lif - Image033_cell1,0.9455904921539723
KLM4153_T2.lif - Image033_cell3,0.719255604324473
KLM4153_T2.lif - Image033_cell4,0.8715732834668518
KLM4153_T2.lif - Image033_cell5,0.907048242506043
KLM4153_T2.lif - Image033_cell6,0.83652509938468
KLM4153_T2.lif - Image033_cell8,0.6694829826361215
KLM4153_T2.lif - Image033_cell10,0.7535804183840329
KLM4153_T2.lif - Image033_cell11,0.7888450991771272
KLM4153_T2.lif - Image035_cell0,0.8560918927444925
KLM4153_T2.lif - Image035_cell1,0.8195992723717032
KLM4153_T2.lif - Image035_cell2,0.8428020066794965
KLM4153_T2.lif - Image035_cell3,0.49703670510078657
KLM4153_T2.lif - Image035_cell4,0.783132984060923
KLM4153_T2.lif - Image035_cell5,0.78807580497129
KLM4153_T2.lif - Image035_cell8,0.6434907636988461
KLM4153_T2.lif - Image035_cell9,0.709216706987254
KLM4153_T2.lif - Image035_cell10,0.636773447457147
KLM4153_T2.lif - Image035_cell11,0.8211555791726545
KLM4153_T2.lif - Image035_cell12,0.7057862945581831
KLM4153_T2.lif - Image037_cell0,0.8792630441891425
KLM4153_T2.lif - Image037_cell2,0.6108459990333437
KLM4153_T2.lif - Image037_cell3,0.6558468132911036
KLM4153_T2.lif - Image037_cell4,0.8041973651369592
KLM4153_T2.lif - Image037_cell7,0.5845545560806895
KLM4153_T2.lif - Image037_cell8,0.7488665626438683
KLM4153_T2.lif - Image037_cell9,0.718116275925896
KLM4153_T2.lif - Image039_cell0,0.7905986439709151
KLM4153_T2.lif - Image039_cell1,0.4593904928766511
KLM4153_T2.lif - Image039_cell4,0.7975690693358184
KLM4153_T2.lif - Image039_cell5,0.8560327303653593
KLM4153_T2.lif - Image041_cell0,0.6886924404869794
KLM4153_T2.lif - Image041_cell1,0.7704547194359354
KLM4153_T2.lif - Image041_cell2,0.8508078655695365
KLM4153_T2.lif - Image041_cell4,0.7920423431747076
KLM4153_T2.lif - Image041_cell5,0.6714154107682034
KLM4153_T2.lif - Image041_cell6,0.6123733911284152
KLM4153_T2.lif - Image041_cell7,0.5065296954583598
KLM4153_T2.lif - Image041_cell8,0.8132952310592996
KLM4153_T2.lif - Image041_cell9,0.7241909476735181
KLM4153_T2.lif - Image043_cell0,0.8800102436872363
KLM4153_T2.lif - Image043_cell1,0.41068989462807665
KLM4153_T2.lif - Image043_cell2,0.8460776248984802
KLM4153_T2.lif - Image043_cell3,0.6029133302328707
KLM4153_T2.lif - Image043_cell4,0.8441586112348103
KLM4153_T2.lif - Image043_cell5,0.6095144539847959
KLM4153_T2.lif - Image043_cell6,0.6816933995333763
KLM4153_T2.lif - Image043_cell7,0.7480483064094987
KLM4153_T2.lif - Image043_cell8,0.7884042675353787
KLM4153_T2.lif - Image043_cell10,0.7797475236312429
KLM4153_T2.lif - Image043_cell11,0.785381778353807
KLM4153_T2.lif - Image045_cell0,0.6939579741685524
KLM4153_T2.lif - Image045_cell2,0.7475294676230602
KLM4153_T2.lif - Image045_cell3,0.6722821834611787
KLM4153_T2.lif - Image045_cell4,0.5749168874857461
KLM4153_T2.lif - Image045_cell5,0.7570016247171528
KLM4153_T2.lif - Image045_cell6,0.6769566298450281
KLM4153_T2.lif - Image045_cell7,0.7988429443584321
KLM4153_T2.lif - Image045_cell8,0.8984687523115101
KLM4153_T2.lif - Image045_cell9,0.7891456011391258
KLM4153_T2.lif - Image045_cell10,0.8060706042852066
KLM4153_T2.lif - Image045_cell11,0.6439631179110724
KLM4153_T2.lif - Image047_cell0,0.718417359252283
KLM4153_T2.lif - Image047_cell1,0.846701895479133
KLM4153_T2.lif - Image047_cell2,0.8941442493665895
KLM4153_T2.lif - Image047_cell3,0.8241648708098342
KLM4153_T2.lif - Image047_cell4,0.3560388814010197
KLM4153_T2.lif - Image047_cell5,0.9361677290687687
KLM4153_T2.lif - Image047_cell6,0.8329281406933402
KLM4153_T2.lif - Image047_cell7,0.5100135544225017
KLM4153_T2.lif - Image047_cell9,0.7315790356351083
KLM4153_T2.lif - Image047_cell10,0.5214717614459561
KLM4153_T2.lif - Image049_cell0,0.8472593898303654
KLM4153_T2.lif - Image049_cell1,0.8418173089117028
KLM4153_T2.lif - Image049_cell2,0.4158657922648314
KLM4153_T2.lif - Image049_cell4,0.575364690681099
KLM4153_T2.lif - Image049_cell5,0.719807123241074
KLM4153_T2.lif - Image049_cell6,0.8450495050168015
KLM4153_T2.lif - Image049_cell7,0.8802612135342088
KLM4153_T2.lif - Image051_cell0,0.9027796546705695
KLM4153_T2.lif - Image051_cell1,0.5681379522583521
KLM4153_T2.lif - Image051_cell2,0.795296708732727
KLM4153_T2.lif - Image051_cell3,0.6901567951009475
KLM4153_T2.lif - Image051_cell4,0.7875229267640865
KLM4153_T2.lif - Image051_cell5,0.8871314872625257
KLM4153_T2.lif - Image051_cell6,0.8921930422524332
KLM4153_T2.lif - Image051_cell7,0.6048918647809514
KLM4153_T2.lif - Image051_cell9,0.5633146307161576
KLM4153_T2.lif - Image051_cell10,0.5683178317651095
KLM4153_T2.lif - Image051_cell11,0.8625604362808624
KLM4153_T2.lif - Image053_cell0,0.7321472653955549
KLM4153_T2.lif - Image053_cell1,0.5500340498675785
KLM4153_T2.lif - Image053_cell2,0.7152639207067474
KLM4153_T2.lif - Image053_cell3,0.6879935266044314
KLM4153_T2.lif - Image053_cell4,0.621014954275309
KLM4153_T2.lif - Image053_cell5,0.8176098156416157
KLM4153_T2.lif - Image053_cell6,0.7584942303439225
KLM4153_T2.lif - Image053_cell7,0.6926262228757664
KLM4153_T2.lif - Image053_cell8,0.5454179022622667
KLM4153_T2.lif - Image053_cell9,0.6812732319859824
KLM4153_T2.lif - Image055_cell1,0.6577872799051979
KLM4153_T2.lif - Image055_cell2,0.640433534656007
KLM4153_T2.lif - Image055_cell3,0.8344203500346564
KLM4153_T2.lif - Image055_cell4,0.7578860184988387
KLM4153_T2.lif - Image055_cell5,0.7339115758694927
KLM4153_T2.lif - Image055_cell6,0.802746025863108
KLM4153_T2.lif - Image055_cell7,0.5280479777005476
KLM4153_T2.lif - Image055_cell8,0.8573481969691636
KLM4153_T2.lif - Image055_cell10,0.773925808263544
KLM4153_T2.lif - Image057_cell1,0.8468342130911876
KLM4153_T2.lif - Image057_cell2,0.8620493986896482
KLM4153_T2.lif - Image057_cell4,0.864467391111689
KLM4153_T2.lif - Image057_cell5,0.6676633008655696
KLM4153_T2.lif - Image057_cell6,0.5656971666942938
KLM4153_T2.lif - Image057_cell8,0.5608317538033871
KLM4153_T2.lif - Image057_cell9,0.5700303424880784
KLM4153_T2.lif - Image057_cell10,0.6826292045793576
KLM4153_T2.lif - Image057_cell11,0.8552741743955107
KLM4153_T2.lif - Image059_cell0,0.5880912342362626
KLM4153_T2.lif - Image059_cell1,0.921220749039031
KLM4153_T2.lif - Image059_cell2,0.7076938727448296
KLM4153_T2.lif - Image059_cell3,0.8069880436474784
KLM4153_T2.lif - Image059_cell5,0.7372205507503771
KLM4153_T2.lif - Image061_cell0,0.874167418975631
KLM4153_T2.lif - Image061_cell1,0.7292798761441298
KLM4153_T2.lif - Image061_cell2,0.7380712466327292
KLM4153_T2.lif - Image061_cell3,0.6422604182784201
KLM4153_T2.lif - Image061_cell4,0.7880245784035641
KLM4153_T2.lif - Image061_cell5,0.8313427116754967
KLM4153_T2.lif - Image061_cell7,0.6287282560559936
KLM4153_T2.lif - Image061_cell10,0.8516317032307124
KLM4153_T2.lif - Image061_cell11,0.8496185973830012
KLM4153_T3.lif - Image001_cell0,0.7456532607195187
KLM4153_T3.lif - Image001_cell1,0.6622292413150078
KLM4153_T3.lif - Image001_cell3,0.744463405251069
KLM4153_T3.lif - Image001_cell4,0.7863600732617448
KLM4153_T3.lif - Image001_cell6,0.6586942331174065
KLM4153_T3.lif - Image001_cell7,0.7964141945531988
KLM4153_T3.lif - Image001_cell8,0.8530599998011542
KLM4153_T3.lif - Image001_cell9,0.8456970117985403
KLM4153_T3.lif - Image001_cell10,0.7759804182043634
KLM4153_T3.lif - Image001_cell11,0.7303381693642338
KLM4153_T3.lif - Image003_cell0,0.8283166139803498
KLM4153_T3.lif - Image003_cell1,0.7976680317476125
KLM4153_T3.lif - Image003_cell2,0.7735233181041226
KLM4153_T3.lif - Image003_cell3,0.8291708856341478
KLM4153_T3.lif - Image003_cell4,0.6908452175071161
KLM4153_T3.lif - Image003_cell5,0.8028760340041001
KLM4153_T3.lif - Image003_cell6,0.469945669071649
KLM4153_T3.lif - Image003_cell7,0.6083522934886901
KLM4153_T3.lif - Image003_cell8,0.7010659246201577
KLM4153_T3.lif - Image003_cell9,0.8687910586344004
KLM4153_T3.lif - Image003_cell10,0.7658031217054693
KLM4153_T3.lif - Image003_cell11,0.8588939521962562
KLM4153_T3.lif - Image005_cell0,0.744067337411579
KLM4153_T3.lif - Image005_cell1,0.8589157328858728
KLM4153_T3.lif - Image005_cell2,0.7578575177022123
KLM4153_T3.lif - Image005_cell3,0.8418723866570768
KLM4153_T3.lif - Image005_cell4,0.7866649271119524
KLM4153_T3.lif - Image005_cell5,0.7521472455438653
KLM4153_T3.lif - Image005_cell6,0.8482869872283886
KLM4153_T3.lif - Image005_cell7,0.8504509451204992
KLM4153_T3.lif - Image005_cell8,0.6919725402839301
KLM4153_T3.lif - Image007_cell0,0.8596081615322153
KLM4153_T3.lif - Image007_cell1,0.6641086110069914
KLM4153_T3.lif - Image007_cell2,0.7520225764060622
KLM4153_T3.lif - Image007_cell3,0.8723301621294904
KLM4153_T3.lif - Image007_cell5,0.8391124430859257
KLM4153_T3.lif - Image007_cell6,0.5961225573626876
KLM4153_T3.lif - Image007_cell7,0.8843622491916423
KLM4153_T3.lif - Image007_cell8,0.873528445457185
KLM4153_T3.lif - Image007_cell9,0.7349941202261732
KLM4153_T3.lif - Image007_cell10,0.6668206135434032
KLM4153_T3.lif - Image007_cell11,0.6525189924417124
KLM4153_T3.lif - Image009_cell0,0.7056479976067175
KLM4153_T3.lif - Image009_cell1,0.6951329596373224
KLM4153_T3.lif - Image009_cell2,0.6935413815665971
KLM4153_T3.lif - Image009_cell3,0.852990510948546
KLM4153_T3.lif - Image009_cell4,0.7898145957609963
KLM4153_T3.lif - Image009_cell5,0.8266738730239133
KLM4153_T3.lif - Image009_cell6,0.8674123950504707
KLM4153_T3.lif - Image009_cell7,0.8719008611753875
KLM4153_T3.lif - Image009_cell8,0.7612677870127376
KLM4153_T3.lif - Image011_cell0,0.43378436177817825
KLM4153_T3.lif - Image011_cell1,0.6527037744736378
KLM4153_T3.lif - Image011_cell2,0.6498803380398408
KLM4153_T3.lif - Image011_cell3,0.8645657466600544
KLM4153_T3.lif - Image011_cell4,0.7692316567411177
KLM4153_T3.lif - Image011_cell5,0.7441426029301313
KLM4153_T3.lif - Image011_cell6,0.4812089461304966
KLM4153_T3.lif - Image011_cell7,0.6283452390326107
KLM4153_T3.lif - Image011_cell9,0.6941988942235178
KLM4153_T3.lif - Image011_cell10,0.7375261330866278
KLM4153_T3.lif - Image011_cell11,0.8209227978979337
KLM4153_T3.lif - Image013_cell0,0.6621113643861488
KLM4153_T3.lif - Image013_cell1,0.8130264908959273
KLM4153_T3.lif - Image013_cell2,0.8946272242451306
KLM4153_T3.lif - Image013_cell3,0.8088866778265195
KLM4153_T3.lif - Image013_cell4,0.6750982766886423
KLM4153_T3.lif - Image013_cell5,0.6709761027927371
KLM4153_T3.lif - Image013_cell6,0.741086527535162
KLM4153_T3.lif - Image013_cell7,0.8115556164549237
KLM4153_T3.lif - Image013_cell8,0.728025145278452
KLM4153_T3.lif - Image015_cell1,0.7117935617747125
KLM4153_T3.lif - Image015_cell2,0.8117098231985359
KLM4153_T3.lif - Image015_cell3,0.8395533925558324
KLM4153_T3.lif - Image015_cell4,0.7142921329623406
KLM4153_T3.lif - Image015_cell5,0.7165038247779589
KLM4153_T3.lif - Image015_cell6,0.683491692343034
KLM4153_T3.lif - Image015_cell7,0.6922072223922766
KLM4153_T3.lif - Image015_cell8,0.7664096099667828
KLM4153_T3.lif - Image015_cell11,0.7317297577055533
KLM4153_T3.lif - Image017_cell0,0.8908455057773925
KLM4153_T3.lif - Image017_cell2,0.8320438822693216
KLM4153_T3.lif - Image017_cell3,0.6117236541115749
KLM4153_T3.lif - Image017_cell4,0.7550219313661582
KLM4153_T3.lif - Image017_cell5,0.5894521288131561
KLM4153_T3.lif - Image017_cell6,0.8420228446778274
KLM4153_T3.lif - Image017_cell7,0.737797140116762
KLM4153_T3.lif - Image017_cell9,0.7489648978414585
KLM4153_T3.lif - Image019_cell0,0.7718446714287772
KLM4153_T3.lif - Image019_cell1,0.8603680226474827
KLM4153_T3.lif - Image019_cell2,0.8319264498500752
KLM4153_T3.lif - Image019_cell3,0.6473105926595396
KLM4153_T3.lif - Image019_cell4,0.7940787532424627
KLM4153_T3.lif - Image019_cell5,0.7570634210979637
KLM4153_T3.lif - Image019_cell6,0.6822160110095237
KLM4153_T3.lif - Image019_cell9,0.7773500625030929
KLM4153_T3.lif - Image019_cell11,0.8008069724563375
KLM4153_T3.lif - Image021_cell0,0.7034384192300444
KLM4153_T3.lif - Image021_cell1,0.7915408879019119
KLM4153_T3.lif - Image021_cell2,0.7606892542935911
KLM4153_T3.lif - Image021_cell3,0.9192197833547454
KLM4153_T3.lif - Image021_cell4,0.7595698475704907
KLM4153_T3.lif - Image021_cell6,0.7244981206211831
KLM4153_T3.lif - Image021_cell7,0.8025041338768832
KLM4153_T3.lif - Image021_cell8,0.7133017802189267
KLM4153_T3.lif - Image021_cell9,0.59274698939302
KLM4153_T3.lif - Image021_cell10,0.8095224099449058
KLM4153_T3.lif - Image021_cell11,0.6248528368459657
KLM4153_T3.lif - Image023_cell0,0.6772072645757747
KLM4153_T3.lif - Image023_cell1,0.8897426301150292
KLM4153_T3.lif - Image023_cell2,0.6680905791999691
KLM4153_T3.lif - Image023_cell4,0.5983627494835465
KLM4153_T3.lif - Image023_cell6,0.830817816301899
KLM4153_T3.lif - Image023_cell7,0.7035353865799224
KLM4153_T3.lif - Image023_cell8,0.8757252299951762
KLM4153_T3.lif - Image023_cell10,0.7291174368190313
KLM4153_T3.lif - Image023_cell11,0.7972641755741252
KLM4153_T3.lif - Image025_cell0,0.6946067443384029
KLM4153_T3.lif - Image025_cell1,0.7029531501900774
KLM4153_T3.lif - Image025_cell2,0.592732208958972
KLM4153_T3.lif - Image025_cell3,0.765580866991272
KLM4153_T3.lif - Image025_cell4,0.6676504205028467
KLM4153_T3.lif - Image025_cell5,0.90025648336894
KLM4153_T3.lif - Image025_cell6,0.7919973716360907
KLM4153_T3.lif - Image025_cell7,0.8067742553671851
KLM4153_T3.lif - Image025_cell8,0.7531860937676
KLM4153_T3.lif - Image025_cell9,0.7641293032881801
KLM4153_T3.lif - Image025_cell10,0.8167910456968781
KLM4153_T3.lif - Image025_cell11,0.7420294413932836
KLM4153_T3.lif - Image027_cell0,0.7576018119312693
KLM4153_T3.lif - Image027_cell1,0.7137711068308534
KLM4153_T3.lif - Image027_cell3,0.8520704778692706
KLM4153_T3.lif - Image027_cell4,0.7353077161038574
KLM4153_T3.lif - Image027_cell5,0.8793994944193675
KLM4153_T3.lif - Image027_cell6,0.890708259886989
KLM4153_T3.lif - Image027_cell7,0.6432085442479473
KLM4153_T3.lif - Image027_cell8,0.7909165437113742
KLM4153_T3.lif - Image027_cell9,0.879284183086872
KLM4153_T3.lif - Image027_cell11,0.6215701284477549
KLM4153_T3.lif - Image029_cell0,0.7133205237440491
KLM4153_T3.lif - Image029_cell1,0.8034866278838153
KLM4153_T3.lif - Image029_cell2,0.7603322493003075
KLM4153_T3.lif - Image029_cell3,0.3977871542817165
KLM4153_T3.lif - Image029_cell5,0.7383799547197257
KLM4153_T3.lif - Image029_cell6,0.7484846181906409
KLM4153_T3.lif - Image029_cell9,0.8275729490338042
KLM4153_T3.lif - Image029_cell11,0.8812568434291768
KLM4153_T3.lif - Image031_cell0,0.915950972539902
KLM4153_T3.lif - Image031_cell1,0.8360972849518448
KLM4153_T3.lif - Image031_cell2,0.7713703612582408
KLM4153_T3.lif - Image031_cell3,0.4638039794500427
KLM4153_T3.lif - Image031_cell4,0.7682748055087215
KLM4153_T3.lif - Image031_cell5,0.5293687848526056
KLM4153_T3.lif - Image031_cell6,0.7252918161005436
KLM4153_T3.lif - Image031_cell7,0.7409683620714819
KLM4153_T3.lif - Image031_cell8,0.7727058280957573
KLM4153_T3.lif - Image031_cell10,0.6844084724221253
KLM4153_T3.lif - Image033_cell1,0.6902949227693083
KLM4153_T3.lif - Image033_cell2,0.8117713342437407
KLM4153_T3.lif - Image033_cell3,0.6629565975083815
KLM4153_T3.lif - Image033_cell4,0.8506017673891476
KLM4153_T3.lif - Image033_cell5,0.6513001750373746
KLM4153_T3.lif - Image033_cell6,0.8152356900457337
KLM4153_T3.lif - Image033_cell7,0.7454131308881763
KLM4153_T3.lif - Image033_cell8,0.749255297382363
KLM4153_T3.lif - Image033_cell10,0.6877481111038877
KLM4153_T3.lif - Image033_cell11,0.703142860415226
KLM4153_T3.lif - Image035_cell0,0.8988181562539934
KLM4153_T3.lif - Image035_cell1,0.8339495719079698
KLM4153_T3.lif - Image035_cell2,0.7556168015936917
KLM4153_T3.lif - Image035_cell3,0.7020305325143998
KLM4153_T3.lif - Image035_cell5,0.8356953582926842
KLM4153_T3.lif - Image035_cell6,0.7910344292845873
KLM4153_T3.lif - Image035_cell9,0.6399762258003076
KLM4153_T3.lif - Image035_cell10,0.8846204609976668
KLM4153_T3.lif - Image037_cell0,0.7302191562081728
KLM4153_T3.lif - Image037_cell1,0.9255399361948322
KLM4153_T3.lif - Image037_cell2,0.6405037261597639
KLM4153_T3.lif - Image037_cell3,0.6807042721999141
KLM4153_T3.lif - Image037_cell6,0.8322867461581004
KLM4153_T3.lif - Image037_cell7,0.5452014539709765
KLM4153_T3.lif - Image037_cell8,0.6605652926990305
KLM4153_T3.lif - Image037_cell9,0.7262480167821564
KLM4153_T3.lif - Image039_cell0,0.7657572646138242
KLM4153_T3.lif - Image039_cell1,0.6201016502156843
KLM4153_T3.lif - Image039_cell2,0.7739198772733522
KLM4153_T3.lif - Image039_cell3,0.8312466124532198
KLM4153_T3.lif - Image039_cell4,0.7806749801493327
KLM4153_T3.lif - Image039_cell5,0.7910555598062665
KLM4153_T3.lif - Image039_cell6,0.7960649810409954
KLM4153_T3.lif - Image039_cell7,0.7724990609103949
KLM4153_T3.lif - Image039_cell8,0.8458338529199944
KLM4153_T3.lif - Image039_cell9,0.8377626537560174
KLM4153_T3.lif - Image039_cell10,0.7074237157466488
KLM4153_T3.lif - Image039_cell11,0.9083846427562284
KLM4153_T3.lif - Image041_cell0,0.6978626450955452
KLM4153_T3.lif - Image041_cell1,0.7446083177173999
KLM4153_T3.lif - Image041_cell2,0.863745373473303
KLM4153_T3.lif - Image041_cell3,0.8356234744575065
KLM4153_T3.lif - Image041_cell4,0.6212651515589975
KLM4153_T3.lif - Image041_cell5,0.6184351336473657
KLM4153_T3.lif - Image041_cell6,0.7553053137851096
KLM4153_T3.lif - Image041_cell7,0.8100490767074813
KLM4153_T3.lif - Image041_cell8,0.6638925984538122
KLM4153_T3.lif - Image041_cell9,0.6571001747596424
KLM4153_T3.lif - Image041_cell10,0.4879254454614183
KLM4153_T3.lif - Image041_cell11,0.7382394163389447
KLM4153_T3.lif - Image043_cell0,0.9211514236698192
KLM4153_T3.lif - Image043_cell1,0.884647319687344
KLM4153_T3.lif - Image043_cell2,0.7199252680495791
KLM4153_T3.lif - Image043_cell3,0.8387254771396625
KLM4153_T3.lif - Image043_cell4,0.8185707867044874
KLM4153_T3.lif - Image043_cell5,0.6249637263648185
KLM4153_T3.lif - Image043_cell6,0.6644851378248063
KLM4153_T3.lif - Image043_cell7,0.7457297941287634
KLM4153_T3.lif - Image043_cell8,0.6954254513168454
KLM4153_T3.lif - Image043_cell9,0.7774056263011742
KLM4153_T3.lif - Image043_cell10,0.6446022585283393
KLM4153_T3.lif - Image043_cell11,0.5007778023111772
KLM4153_T3.lif - Image045_cell0,0.8772711434268509
KLM4153_T3.lif - Image045_cell2,0.7189561617565593
KLM4153_T3.lif - Image045_cell3,0.7785260584239795
KLM4153_T3.lif - Image045_cell4,0.8519821873736747
KLM4153_T3.lif - Image045_cell6,0.8314763343377145
KLM4153_T3.lif - Image045_cell7,0.8209930514035165
KLM4153_T3.lif - Image045_cell8,0.6805377209703478
KLM4153_T3.lif - Image045_cell9,0.7290044929176732
KLM4153_T3.lif - Image045_cell10,0.8359774939394552
KLM4153_T3.lif - Image045_cell11,0.6027501973723206
KLM4153_T3.lif - Image047_cell0,0.8479611476372901
KLM4153_T3.lif - Image047_cell1,0.5951752798753285
KLM4153_T3.lif - Image047_cell2,0.81498336154465
KLM4153_T3.lif - Image047_cell3,0.7995097401147008
KLM4153_T3.lif - Image047_cell4,0.6593475442232827
KLM4153_T3.lif - Image047_cell5,0.6521247748053697
KLM4153_T3.lif - Image047_cell6,0.8736853649582781
KLM4153_T3.lif - Image047_cell7,0.8530956962988699
KLM4153_T3.lif - Image047_cell8,0.7183080776016286
KLM4153_T3.lif - Image047_cell9,0.7419960078612866
KLM4153_T3.lif - Image047_cell10,0.8506969769224378
KLM4153_T3.lif - Image047_cell11,0.7739010581067561
KLM4153_T3.lif - Image049_cell1,0.6801309968988006
KLM4153_T3.lif - Image049_cell2,0.3900977489019054
KLM4153_T3.lif - Image049_cell3,0.7809567325094451
KLM4153_T3.lif - Image049_cell5,0.8232805896430466
KLM4153_T3.lif - Image049_cell6,0.7549334976674149
KLM4153_T3.lif - Image049_cell7,0.7757278289674809
KLM4153_T3.lif - Image049_cell8,0.6383664148444074
KLM4153_T3.lif - Image049_cell10,0.6821856601591786
KLM4153_T3.lif - Image049_cell11,0.6472853860012403
KLM4153_T3.lif - Image051_cell0,0.804195378704416
KLM4153_T3.lif - Image051_cell1,0.8030732550033323
KLM4153_T3.lif - Image051_cell3,0.8087515851215262
KLM4153_T3.lif - Image051_cell4,0.8945667251624951
KLM4153_T3.lif - Image051_cell5,0.8589681795563177
KLM4153_T3.lif - Image051_cell6,0.7973755899139923
KLM4153_T3.lif - Image051_cell7,0.6429147654817777
KLM4153_T3.lif - Image051_cell8,0.5579193266786026
KLM4153_T3.lif - Image053_cell0,0.7305392178283657
KLM4153_T3.lif - Image053_cell1,0.8604961200620894
KLM4153_T3.lif - Image053_cell2,0.8498640310633838
KLM4153_T3.lif - Image053_cell3,0.8703198739665623
KLM4153_T3.lif - Image053_cell4,0.8121440245203883
KLM4153_T3.lif - Image053_cell6,0.5623594036236539
KLM4153_T3.lif - Image053_cell7,0.7799443527703054
KLM4153_T3.lif - Image053_cell8,0.6200183217942186
KLM4153_T3.lif - Image053_cell9,0.7812845604974457
KLM4153_T3.lif - Image053_cell11,0.7417120538231683
KLM4153_T3.lif - Image055_cell0,0.7365515684280238
KLM4153_T3.lif - Image055_cell1,0.8037485274928976
KLM4153_T3.lif - Image055_cell2,0.6284490507470233
KLM4153_T3.lif - Image055_cell3,0.47423068639091465
KLM4153_T3.lif - Image055_cell4,0.7109755240845143
KLM4153_T3.lif - Image055_cell5,0.6335537786569094
KLM4153_T3.lif - Image055_cell6,0.6818325969988832
KLM4153_T3.lif - Image055_cell7,0.5107727838350115
KLM4153_T3.lif - Image055_cell9,0.8062831129491909
KLM4153_T3.lif - Image057_cell0,0.8717989721816936
KLM4153_T3.lif - Image057_cell2,0.6303241438687841
KLM4153_T3.lif - Image057_cell4,0.816145994290802
KLM4153_T3.lif - Image057_cell6,0.65786798869401
KLM4153_T3.lif - Image057_cell7,0.8059582630254128
KLM4153_T3.lif - Image057_cell8,0.6898362935017843
KLM4153_T3.lif - Image057_cell10,0.6375768670939023
KLM4153_T3.lif - Image061_cell0,0.828648825113687
KLM4153_T3.lif - Image061_cell1,0.8660726898161769
KLM4153_T3.lif - Image061_cell4,0.6806004985940916
KLM4153_T3.lif - Image061_cell5,0.8076114606410052
KLM4153_T3.lif - Image061_cell6,0.8441691426015161
KLM4153_T3.lif - Image061_cell8,0.5235803543504115
KLM4153_T3.lif - Image061_cell9,0.8392602597430006
KLM4153_T3.lif - Image061_cell10,0.8440092857328261
KLM4153_T3.lif - Image061_cell11,0.8154548773445927
KLM4153_T4.lif - Image001_cell0,0.5837885830490515
KLM4153_T4.lif - Image001_cell1,0.630809189821849
KLM4153_T4.lif - Image001_cell2,0.5472514861527147
KLM4153_T4.lif - Image001_cell3,0.8786654101220526
KLM4153_T4.lif - Image001_cell5,0.836908199075842
KLM4153_T4.lif - Image001_cell6,0.7265856844423583
KLM4153_T4.lif - Image001_cell7,0.5867938959079745
KLM4153_T4.lif - Image001_cell8,0.8250519203863401
KLM4153_T4.lif - Image001_cell9,0.349480311656306
KLM4153_T4.lif - Image003_cell0,0.4312341145031305
KLM4153_T4.lif - Image003_cell1,0.7336167688754504
KLM4153_T4.lif - Image003_cell2,0.6879520942576346
KLM4153_T4.lif - Image003_cell4,0.7425795078280932
KLM4153_T4.lif - Image003_cell5,0.8395277205550858
KLM4153_T4.lif - Image003_cell9,0.8140738023442965
KLM4153_T4.lif - Image003_cell10,0.8159262642875045
KLM4153_T4.lif - Image003_cell11,0.8660996090766667
KLM4153_T4.lif - Image003_cell12,0.7692241654875722
KLM4153_T4.lif - Image005_cell0,0.7678014656392713
KLM4153_T4.lif - Image005_cell2,0.764353179396755
KLM4153_T4.lif - Image005_cell3,0.5934350960203478
KLM4153_T4.lif - Image005_cell6,0.8024422950265154
KLM4153_T4.lif - Image005_cell7,0.6948419269863356
KLM4153_T4.lif - Image005_cell8,0.7694564330178587
KLM4153_T4.lif - Image005_cell9,0.5464974771285357
KLM4153_T4.lif - Image005_cell11,0.47489464988102575
KLM4153_T4.lif - Image007_cell0,0.610498348165722
KLM4153_T4.lif - Image007_cell1,0.6194150770925455
KLM4153_T4.lif - Image007_cell3,0.8112646063189148
KLM4153_T4.lif - Image007_cell4,0.5936346771767425
KLM4153_T4.lif - Image007_cell6,0.6848101004378346
KLM4153_T4.lif - Image007_cell9,0.8408051569816962
KLM4153_T4.lif - Image009_cell0,0.819678230146789
KLM4153_T4.lif - Image009_cell1,0.8801417104148149
KLM4153_T4.lif - Image009_cell2,0.6910916851230628
KLM4153_T4.lif - Image009_cell3,0.8366711127315205
KLM4153_T4.lif - Image009_cell4,0.6878257908580809
KLM4153_T4.lif - Image009_cell7,0.6355149204695123
KLM4153_T4.lif - Image009_cell8,0.5260905908400866
KLM4153_T4.lif - Image009_cell9,0.7246991647663681
KLM4153_T4.lif - Image011_cell2,0.6312692694258749
KLM4153_T4.lif - Image011_cell3,0.5508357134250313
KLM4153_T4.lif - Image011_cell4,0.5211441496089573
KLM4153_T4.lif - Image011_cell5,0.8340816855505219
KLM4153_T4.lif - Image011_cell6,0.6878537939688362
KLM4153_T4.lif - Image011_cell7,0.6882659205675167
KLM4153_T4.lif - Image011_cell8,0.6608580325042142
KLM4153_T4.lif - Image011_cell9,0.7458339932069654
KLM4153_T4.lif - Image011_cell11,0.5044008321922914
KLM4153_T4.lif - Image013_cell2,0.5849517758362739
KLM4153_T4.lif - Image013_cell3,0.6054675430769806
KLM4153_T4.lif - Image013_cell4,0.6653836359761952
KLM4153_T4.lif - Image013_cell5,0.557398283015967
KLM4153_T4.lif - Image013_cell6,0.8867985283831507
KLM4153_T4.lif - Image013_cell7,0.7119241502571187
KLM4153_T4.lif - Image015_cell1,0.5836205743152468
KLM4153_T4.lif - Image015_cell2,0.6857947327640552
KLM4153_T4.lif - Image015_cell3,0.8199747430077262
KLM4153_T4.lif - Image015_cell4,0.4781649728689494
KLM4153_T4.lif - Image015_cell5,0.7952873054587889
KLM4153_T4.lif - Image015_cell7,0.8076214414108929
KLM4153_T4.lif - Image015_cell8,0.7287674866154548
KLM4153_T4.lif - Image017_cell0,0.6217769016518019
KLM4153_T4.lif - Image017_cell2,0.68623992320618
KLM4153_T4.lif - Image017_cell3,0.8102319536407374
KLM4153_T4.lif - Image017_cell4,0.8336879585296015
KLM4153_T4.lif - Image017_cell5,0.7818390131811139
KLM4153_T4.lif - Image017_cell6,0.5285389396153065
KLM4153_T4.lif - Image017_cell8,0.5990791854475901
KLM4153_T4.lif - Image017_cell10,0.7944858747338791
KLM4153_T4.lif - Image017_cell11,0.6959514092543424
KLM4153_T4.lif - Image019_cell1,0.3896314786113059
KLM4153_T4.lif - Image019_cell3,0.867564758203134
KLM4153_T4.lif - Image019_cell4,0.8521397001606171
KLM4153_T4.lif - Image019_cell6,0.71943260707181
KLM4153_T4.lif - Image019_cell7,0.6521901710435668
KLM4153_T4.lif - Image019_cell8,0.6836488807574667
KLM4153_T4.lif - Image019_cell9,0.8241472587196785
KLM4153_T4.lif - Image021_cell1,0.6123742716794721
KLM4153_T4.lif - Image021_cell2,0.5866833672789078
KLM4153_T4.lif - Image021_cell3,0.8276097755920782
KLM4153_T4.lif - Image021_cell5,0.750659206200924
KLM4153_T4.lif - Image021_cell6,0.6131510290955301
KLM4153_T4.lif - Image021_cell7,0.7772122642439908
KLM4153_T4.lif - Image021_cell8,0.7829860801258203
KLM4153_T4.lif - Image021_cell9,0.5612125582628671
KLM4153_T4.lif - Image021_cell10,0.5522884093518777
KLM4153_T4.lif - Image021_cell11,0.8610431204987812
KLM4153_T4.lif - Image023_cell1,0.5763394697300661
KLM4153_T4.lif - Image023_cell2,0.5181719707020535
KLM4153_T4.lif - Image023_cell3,0.5553355175462098
KLM4153_T4.lif - Image023_cell4,0.6878905828384139
KLM4153_T4.lif - Image023_cell7,0.7239294699634466
KLM4153_T4.lif - Image025_cell1,0.6719019443324996
KLM4153_T4.lif - Image025_cell2,0.876887609285609
KLM4153_T4.lif - Image025_cell3,0.6601812840476132
KLM4153_T4.lif - Image025_cell5,0.49224953892143486
KLM4153_T4.lif - Image025_cell7,0.8366596131529062
KLM4153_T4.lif - Image025_cell8,0.762826367216437
KLM4153_T4.lif - Image025_cell10,0.8177778640412341
KLM4153_T4.lif - Image025_cell11,0.42385791580241444
KLM4153_T4.lif - Image027_cell0,0.5126773204608156
KLM4153_T4.lif - Image027_cell1,0.571520055780168
KLM4153_T4.lif - Image027_cell2,0.7205897570759445
KLM4153_T4.lif - Image027_cell3,0.7403129484618076
KLM4153_T4.lif - Image027_cell4,0.7971082710548864
KLM4153_T4.lif - Image027_cell5,0.6231256422749739
KLM4153_T4.lif - Image027_cell6,0.5908407864638847
KLM4153_T4.lif - Image027_cell7,0.7450105209387485
KLM4153_T4.lif - Image027_cell8,0.8580414324253065
KLM4153_T4.lif - Image027_cell9,0.7217997066133073
KLM4153_T4.lif - Image027_cell10,0.5974184499050172
KLM4153_T4.lif - Image027_cell11,0.6884303435662588
KLM4153_T4.lif - Image029_cell1,0.7405777991135333
KLM4153_T4.lif - Image029_cell3,0.6167841307499848
KLM4153_T4.lif - Image029_cell4,0.6985813431714405
KLM4153_T4.lif - Image029_cell5,0.6235912484743797
KLM4153_T4.lif - Image029_cell6,0.6925291614575526
KLM4153_T4.lif - Image029_cell7,0.5645273932827546
KLM4153_T4.lif - Image029_cell8,0.8234179224680191
KLM4153_T4.lif - Image029_cell9,0.5821013174482371
KLM4153_T4.lif - Image029_cell10,0.7879848658141378
KLM4153_T4.lif - Image029_cell11,0.6324992148438023
KLM4153_T4.lif - Image031_cell0,0.5569012406279972
KLM4153_T4.lif - Image031_cell1,0.680319003302433
KLM4153_T4.lif - Image031_cell2,0.3719112918213335
KLM4153_T4.lif - Image031_cell5,0.8062143244558747
KLM4153_T4.lif - Image033_cell1,0.869089492880105
KLM4153_T4.lif - Image033_cell2,0.7492692291694001
KLM4153_T4.lif - Image033_cell3,0.6749734874698393
KLM4153_T4.lif - Image033_cell4,0.7860428847932198
KLM4153_T4.lif - Image033_cell5,0.7401414528959372
KLM4153_T4.lif - Image033_cell9,0.8941690307938746
KLM4153_T4.lif - Image033_cell11,0.766301584230928
KLM4153_T4.lif - Image035_cell1,0.660508565357751
KLM4153_T4.lif - Image035_cell3,0.6275533664946139
KLM4153_T4.lif - Image035_cell5,0.7662488275106217
KLM4153_T4.lif - Image035_cell6,0.6939300955071293
KLM4153_T4.lif - Image035_cell7,0.6936571500970613
KLM4153_T4.lif - Image035_cell8,0.7871651806537532
KLM4153_T4.lif - Image035_cell9,0.7452353982751363
KLM4153_T4.lif - Image035_cell10,0.5022179523148648
KLM4153_T4.lif - Image035_cell11,0.5435211938615884
KLM4153_T4.lif - Image038_cell0,0.7855076548264917
KLM4153_T4.lif - Image038_cell2,0.7906009368598718
KLM4153_T4.lif - Image038_cell5,0.5021060279915734
KLM4153_T4.lif - Image038_cell6,0.8593047842115775
KLM4153_T4.lif - Image038_cell8,0.652853738700652
KLM4153_T4.lif - Image038_cell9,0.6102903992490206
KLM4153_T4.lif - Image040_cell0,0.632611947346115
KLM4153_T4.lif - Image040_cell1,0.714997429200803
KLM4153_T4.lif - Image040_cell2,0.5784236069786467
KLM4153_T4.lif - Image040_cell4,0.7316138918086831
KLM4153_T4.lif - Image040_cell5,0.6311880392780298
KLM4153_T4.lif - Image040_cell6,0.5496036617872609
KLM4153_T4.lif - Image040_cell8,0.5355891572555871
KLM4153_T4.lif - Image040_cell9,0.7755654244780812
KLM4153_T4.lif - Image040_cell10,0.5873790069565953
KLM4153_T4.lif - Image040_cell11,0.9251370244174606
KLM4153_T4.lif - Image042_cell2,0.7454833919162938
KLM4153_T4.lif - Image042_cell3,0.35637271450747965
KLM4153_T4.lif - Image042_cell4,0.7181155819757354
KLM4153_T4.lif - Image042_cell5,0.5960628757521508
KLM4153_T4.lif - Image042_cell6,0.6515621544920047
KLM4153_T4.lif - Image042_cell8,0.7060907823253565
KLM4153_T4.lif - Image042_cell9,0.7011487955443289
KLM4153_T4.lif - Image044_cell1,0.42502745408515064
KLM4153_T4.lif - Image044_cell2,0.5804202670018973
KLM4153_T4.lif - Image044_cell3,0.6482332976976308
KLM4153_T4.lif - Image044_cell4,0.780304671287723
KLM4153_T4.lif - Image044_cell5,0.6676526778514968
KLM4153_T4.lif - Image044_cell6,0.7477202993710281
KLM4153_T4.lif - Image044_cell7,0.7856453615789448
KLM4153_T4.lif - Image044_cell9,0.5112087653128888
KLM4153_T4.lif - Image044_cell10,0.8867984816088523
KLM4153_T4.lif - Image044_cell11,0.7664778049123038
KLM4153_T4.lif - Image046_cell0,0.5999651649428575
KLM4153_T4.lif - Image046_cell2,0.6920481561925342
KLM4153_T4.lif - Image046_cell3,0.680579673751637
KLM4153_T4.lif - Image046_cell4,0.48669653509182303
KLM4153_T4.lif - Image046_cell5,0.8334484903860007
KLM4153_T4.lif - Image046_cell6,0.718179655451556
KLM4153_T4.lif - Image046_cell8,0.4412104230472394
KLM4153_T4.lif - Image046_cell9,0.5962112852981785
KLM4153_T4.lif - Image051_cell0,0.7586015675340736
KLM4153_T4.lif - Image051_cell1,0.7755079527191082
KLM4153_T4.lif - Image051_cell2,0.9294496994785402
KLM4153_T4.lif - Image051_cell3,0.6766325502679488
KLM4153_T4.lif - Image051_cell5,0.9499013158719545
KLM4153_T4.lif - Image051_cell6,0.6512125134445611
KLM4153_T4.lif - Image051_cell7,0.7904171521561661
KLM4153_T4.lif - Image051_cell8,0.760950462510777
KLM4153_T4.lif - Image051_cell9,0.7372468213158979
KLM4153_T4.lif - Image053_cell0,0.7354992417540891
KLM4153_T4.lif - Image053_cell2,0.8704848090841814
KLM4153_T4.lif - Image053_cell3,0.6589987974367034
KLM4153_T4.lif - Image053_cell5,0.7986843997416674
KLM4153_T4.lif - Image053_cell6,0.6268498464735495
KLM4153_T4.lif - Image053_cell7,0.8340373285654401
KLM4153_T4.lif - Image053_cell8,0.7489634981197751
KLM4153_T4.lif - Image053_cell9,0.6663845964113451
KLM4153_T4.lif - Image055_cell3,0.5255128991237105
KLM4153_T4.lif - Image055_cell4,0.7597170982581241
KLM4153_T4.lif - Image064_cell0,0.6712101130425476
KLM4153_T4.lif - Image064_cell1,0.8553725903336145
KLM4153_T4.lif - Image064_cell5,0.7392014880326861
KLM4153_T4.lif - Image064_cell6,0.6630398785874181
KLM4153_T4.lif - Image066_cell0,0.78050417592088
KLM4153_T4.lif - Image066_cell1,0.6814471083919199
KLM4153_T4.lif - Image066_cell2,0.7997468593675319
KLM4153_T4.lif - Image066_cell3,0.6912230717441792
KLM4153_T4.lif - Image066_cell4,0.7899316104375943
KLM4153_T4.lif - Image066_cell5,0.6984257694789524
KLM4153_T4.lif - Image066_cell6,0.6200088776107198
KLM4153_T4.lif - Image066_cell7,0.19383516694870415
KLM4153_T4.lif - Image066_cell8,0.7970821931535221
KLM4153_T4.lif - Image066_cell9,0.9240272688553651
KLM4153_T4.lif - Image066_cell11,0.7465853102762428
KLM4153_T4.lif - Image068_cell1,0.8483076481911986
KLM4153_T4.lif - Image068_cell2,0.5682700866585428
KLM4153_T4.lif - Image068_cell4,0.734033413202914
KLM4153_T4.lif - Image068_cell5,0.6981244527019111
KLM4153_T4.lif - Image068_cell6,0.6479319579674994
KLM4153_T4.lif - Image068_cell7,0.7107329031392797
KLM4153_T4.lif - Image068_cell8,0.7947894982287743
KLM4153_T4.lif - Image068_cell9,0.690379492188279
KLM4153_T4.lif - Image068_cell10,0.628141717987761
KLM4153_T4.lif - Image070_cell2,0.7496808479640583
KLM4153_T4.lif - Image070_cell3,0.7128547677689937
KLM4153_T4.lif - Image070_cell4,0.6720127790467679
KLM4153_T4.lif - Image070_cell5,0.7877500697997106
KLM4153_T4.lif - Image070_cell6,0.7611483597550022
KLM4153_T4.lif - Image070_cell7,0.6601304738055945
KLM4153_T4.lif - Image070_cell8,0.6926981077631205
KLM4153_T4.lif - Image070_cell9,0.7049988004436312
