a1,KLM5019_A1_0,0.06186625552833486
a1,KLM5019_A1_1,0.06576132055668084
a1,KLM5019_A1_10,0.058912133351576565
a1,KLM5019_A1_11,0.06878439355125127
a1,KLM5019_A1_12,0.05357239140050047
a1,KLM5019_A1_13,0.07370594419096908
a1,KLM5019_A1_14,0.05798955779775908
a1,KLM5019_A1_15,0.0534536434188474
a1,KLM5019_A1_16,0.0588335968297212
a1,KLM5019_A1_17,0.05624838197676379
a1,KLM5019_A1_18,0.06802521367682568
a1,KLM5019_A1_19,0.05773577648322114
a1,KLM5019_A1_2,0.06335768568056976
a1,KLM5019_A1_3,0.07043285043466176
a1,KLM5019_A1_4,0.05782320894718098
a1,KLM5019_A1_5,0.062073581320793034
a1,KLM5019_A1_6,0.05371494955914717
a1,KLM5019_A1_7,0.06348780346143806
a1,KLM5019_A1_8,0.06187690621946403
a1,KLM5019_A1_9,0.048064389394265015
a1,KLM5020_A1_0,0.0617463955831716
a1,KLM5020_A1_1,0.05827301083316258
a1,KLM5020_A1_10,0.05296705376198625
a1,KLM5020_A1_11,0.054421794506985616
a1,KLM5020_A1_12,0.0537002804077459
a1,KLM5020_A1_13,0.055041888859220636
a1,KLM5020_A1_14,0.04772891216666867
a1,KLM5020_A1_15,0.05301081509223051
a1,KLM5020_A1_16,0.05712766098282751
a1,KLM5020_A1_17,0.07143446389508928
a1,KLM5020_A1_18,0.052502288354904725
a1,KLM5020_A1_19,0.04837309337469516
a1,KLM5020_A1_2,0.06295515911096235
a1,KLM5020_A1_3,0.04496213571119513
a1,KLM5020_A1_4,0.057616311352320586
a1,KLM5020_A1_5,0.044978667147336185
a1,KLM5020_A1_6,0.05712184451807675
a1,KLM5020_A1_7,0.0563877148620395
a1,KLM5020_A1_8,0.05545501618881533
a1,KLM5020_A1_9,0.062224312474170256
a2,KLM5019_A2_0,0.05272390164354076
a2,KLM5019_A2_1,0.04094859589314286
a2,KLM5019_A2_10,0.043357563035232305
a2,KLM5019_A2_11,0.04307014342951853
a2,KLM5019_A2_12,0.03497298010380389
a2,KLM5019_A2_13,0.030254762846443746
a2,KLM5019_A2_14,0.04858500198332655
a2,KLM5019_A2_15,0.045157385845825945
a2,KLM5019_A2_16,0.04458236944146011
a2,KLM5019_A2_17,0.037844292311106364
a2,KLM5019_A2_18,0.0360043795330787
a2,KLM5019_A2_19,0.03598422772662786
a2,KLM5019_A2_2,0.0473376446864872
a2,KLM5019_A2_3,0.0391890661252156
a2,KLM5019_A2_4,0.053523466664790444
a2,KLM5019_A2_5,0.03547512852895213
a2,KLM5019_A2_6,0.0480060324943179
a2,KLM5019_A2_7,0.03999222614259073
a2,KLM5019_A2_8,0.028770704742073643
a2,KLM5019_A2_9,0.03722304848862392
a2,KLM5020_A2_0,0.04430636260123904
a2,KLM5020_A2_1,0.044804615532099135
a2,KLM5020_A2_10,0.050520940286570296
a2,KLM5020_A2_11,0.03880015989851756
a2,KLM5020_A2_12,0.042618085543493785
a2,KLM5020_A2_13,0.03780997122898498
a2,KLM5020_A2_14,0.045669390585368355
a2,KLM5020_A2_15,0.03672423245243881
a2,KLM5020_A2_16,0.038892498894559244
a2,KLM5020_A2_17,0.04805182047716285
a2,KLM5020_A2_18,0.052004029066203473
a2,KLM5020_A2_19,0.037652832998164645
a2,KLM5020_A2_2,0.04896848813749099
a2,KLM5020_A2_3,0.042014259481383834
a2,KLM5020_A2_4,0.04423499850891079
a2,KLM5020_A2_5,0.04825579956993781
a2,KLM5020_A2_6,0.04550229152171867
a2,KLM5020_A2_7,0.04449995223123765
a2,KLM5020_A2_8,0.03802104145504082
a2,KLM5020_A2_9,0.038571614652532026
a3,KLM5019_A3_0,0.057325383052279265
a3,KLM5019_A3_1,0.04304794671629669
a3,KLM5019_A3_10,0.035617035138226026
a3,KLM5019_A3_11,0.03602409334134315
a3,KLM5019_A3_12,0.05216938054158361
a3,KLM5019_A3_13,0.04389072764722516
a3,KLM5019_A3_14,0.04785638111929766
a3,KLM5019_A3_15,0.040394798428574887
a3,KLM5019_A3_16,0.04813414653143864
a3,KLM5019_A3_17,0.03185808316515931
a3,KLM5019_A3_18,0.042259226192297036
a3,KLM5019_A3_19,0.042742259333242015
a3,KLM5019_A3_2,0.05553892646859204
a3,KLM5019_A3_3,0.042115331953083465
a3,KLM5019_A3_4,0.04654433483483998
a3,KLM5019_A3_5,0.04141065948090894
a3,KLM5019_A3_6,0.05412370081330182
a3,KLM5019_A3_7,0.04505831580689736
a3,KLM5019_A3_8,0.04975665573730001
a3,KLM5019_A3_9,0.042385779711499164
a3,KLM5020_A3_0,0.04106974374515783
a3,KLM5020_A3_1,0.0319239850962279
a3,KLM5020_A3_10,0.04260057165301179
a3,KLM5020_A3_11,0.055678094980859925
a3,KLM5020_A3_12,0.04470762887962991
a3,KLM5020_A3_13,0.038935793075546295
a3,KLM5020_A3_14,0.038850463745460896
a3,KLM5020_A3_15,0.05033998076338654
a3,KLM5020_A3_16,0.04281662534183004
a3,KLM5020_A3_17,0.04722057903812791
a3,KLM5020_A3_18,0.05170212074949749
a3,KLM5020_A3_19,0.05413958651809802
a3,KLM5020_A3_2,0.04494713979958408
a3,KLM5020_A3_3,0.04183721394929553
a3,KLM5020_A3_4,0.03909221299640811
a3,KLM5020_A3_5,0.04684808977028302
a3,KLM5020_A3_6,0.04357723151724516
a3,KLM5020_A3_7,0.06189633181625547
a3,KLM5020_A3_8,0.04282209270736781
a3,KLM5020_A3_9,0.05706559208694634
a4,KLM5019_A4_0,0.045596547288594656
a4,KLM5019_A4_1,0.05534439334299243
a4,KLM5019_A4_10,0.04984361387483622
a4,KLM5019_A4_11,0.04301138954163951
a4,KLM5019_A4_12,0.04289594932478297
a4,KLM5019_A4_13,0.06597472595876173
a4,KLM5019_A4_14,0.060775893292521234
a4,KLM5019_A4_15,0.05052229716038219
a4,KLM5019_A4_16,0.06245826826235067
a4,KLM5019_A4_17,0.06698474198538057
a4,KLM5019_A4_18,0.03897131460100448
a4,KLM5019_A4_19,0.06303238008731306
a4,KLM5019_A4_2,0.0454509297352231
a4,KLM5019_A4_3,0.05896802397249057
a4,KLM5019_A4_4,0.05515861055831225
a4,KLM5019_A4_5,0.05551162522294752
a4,KLM5019_A4_6,0.056285827862298514
a4,KLM5019_A4_7,0.056929955080606734
a4,KLM5019_A4_8,0.05008347980113544
a4,KLM5019_A4_9,0.051851528291974786
a4,KLM5020_A4_0,0.06280313368570208
a4,KLM5020_A4_1,0.04995603362129417
a4,KLM5020_A4_10,0.05883428102372265
a4,KLM5020_A4_11,0.046102413161587585
a4,KLM5020_A4_12,0.049123591887199794
a4,KLM5020_A4_13,0.042531297419085706
a4,KLM5020_A4_14,0.041372247258279225
a4,KLM5020_A4_15,0.039940837093514245
a4,KLM5020_A4_16,0.0638240722893221
a4,KLM5020_A4_17,0.07447822878107944
a4,KLM5020_A4_18,0.05382335919312725
a4,KLM5020_A4_19,0.046430625616749904
a4,KLM5020_A4_2,0.044843853768852915
a4,KLM5020_A4_3,0.045651294232881764
a4,KLM5020_A4_4,0.05820987475453
a4,KLM5020_A4_5,0.04075119661403526
a4,KLM5020_A4_6,0.04095129338328084
a4,KLM5020_A4_7,0.04972958492403296
a4,KLM5020_A4_8,0.05101602249949782
a4,KLM5020_A4_9,0.041985123353946746
asyn1,ASYN_1_0,0.07636228610214937
asyn1,ASYN_1_1,0.057951351995668234
asyn1,ASYN_1_10,0.09576104144642543
asyn1,ASYN_1_11,0.06342159837169328
asyn1,ASYN_1_12,0.061644805154230355
asyn1,ASYN_1_2,0.057570377335025
asyn1,ASYN_1_3,0.051447919401049265
asyn1,ASYN_1_4,0.0983141208184162
asyn1,ASYN_1_5,0.09334328387806172
asyn1,ASYN_1_6,0.04846150252783737
asyn1,ASYN_1_7,0.06291299711397255
asyn1,ASYN_1_8,0.07656940549659177
asyn1,ASYN_1_9,0.06232259202061169
asyn1,KLM2143_asyn_1_0,0.0782691813247586
asyn1,KLM2143_asyn_1_1,0.054564182849774004
asyn1,KLM2143_asyn_1_10,0.06724336416026412
asyn1,KLM2143_asyn_1_11,0.08535172930785478
asyn1,KLM2143_asyn_1_12,0.08534901695796647
asyn1,KLM2143_asyn_1_2,0.0564091363402585
asyn1,KLM2143_asyn_1_3,0.05168677126066534
asyn1,KLM2143_asyn_1_4,0.07477472945049736
asyn1,KLM2143_asyn_1_5,0.0798931703749055
asyn1,KLM2143_asyn_1_6,0.08447628782892298
asyn1,KLM2143_asyn_1_7,0.06570454476272265
asyn1,KLM2143_asyn_1_8,0.05971651719480422
asyn1,KLM2143_asyn_1_9,0.07386684886422247
asyn2,ASYN_2_0,0.0422816456419606
asyn2,ASYN_2_1,0.07561446215238488
asyn2,ASYN_2_10,0.06259985631850236
asyn2,ASYN_2_11,0.0644018763120515
asyn2,ASYN_2_12,0.08015397600732269
asyn2,ASYN_2_13,0.07393097497666479
asyn2,ASYN_2_2,0.05095733783167367
asyn2,ASYN_2_3,0.057863831986870846
asyn2,ASYN_2_4,0.05729984608874139
asyn2,ASYN_2_5,0.07912847925965796
asyn2,ASYN_2_6,0.06370928810159854
asyn2,ASYN_2_7,0.04452474858616171
asyn2,ASYN_2_8,0.05844810505587342
asyn2,ASYN_2_9,0.06212819758651889
asyn2,KLM2143_asyn_2_0,0.07038198902615957
asyn2,KLM2143_asyn_2_1,0.06860541592213894
asyn2,KLM2143_asyn_2_10,0.05840474716041581
asyn2,KLM2143_asyn_2_11,0.06035000159654801
asyn2,KLM2143_asyn_2_12,0.06974971266123475
asyn2,KLM2143_asyn_2_13,0.06312151482642309
asyn2,KLM2143_asyn_2_14,0.09400830306599632
asyn2,KLM2143_asyn_2_2,0.0755594992687196
asyn2,KLM2143_asyn_2_3,0.05540315526827429
asyn2,KLM2143_asyn_2_4,0.06576789813945237
asyn2,KLM2143_asyn_2_5,0.0592924781718537
asyn2,KLM2143_asyn_2_6,0.07435763439067417
asyn2,KLM2143_asyn_2_7,0.05531470247547186
asyn2,KLM2143_asyn_2_8,0.0742909854824666
asyn2,KLM2143_asyn_2_9,0.06855894708072903
asyn3,ASYN_3_0,0.0313603269028419
asyn3,ASYN_3_1,0.048106939786049185
asyn3,ASYN_3_10,0.04366567099837051
asyn3,ASYN_3_11,0.05713013990780416
asyn3,ASYN_3_2,0.03616491771155842
asyn3,ASYN_3_3,0.026847279904628565
asyn3,ASYN_3_4,0.03372174402342558
asyn3,ASYN_3_5,0.02348278823217593
asyn3,ASYN_3_6,0.0495399512266933
asyn3,ASYN_3_7,0.05423425560479799
asyn3,ASYN_3_8,0.05337584696816834
asyn3,ASYN_3_9,0.05130231170997819
asyn3,KLM2143_asyn_3_0,0.0397381619635596
asyn3,KLM2143_asyn_3_1,0.04287999958568862
asyn3,KLM2143_asyn_3_10,0.031787354101202155
asyn3,KLM2143_asyn_3_11,0.03934296331597802
asyn3,KLM2143_asyn_3_12,0.04638477105266378
asyn3,KLM2143_asyn_3_13,0.04219687141757735
asyn3,KLM2143_asyn_3_14,0.05669132267630925
asyn3,KLM2143_asyn_3_2,0.03624737965546452
asyn3,KLM2143_asyn_3_3,0.047140160874611994
asyn3,KLM2143_asyn_3_4,0.05278643990049541
asyn3,KLM2143_asyn_3_5,0.04116578616182535
asyn3,KLM2143_asyn_3_6,0.04342058457862827
asyn3,KLM2143_asyn_3_7,0.03618042395232358
asyn3,KLM2143_asyn_3_8,0.0397434978517021
asyn3,KLM2143_asyn_3_9,0.033977047224357425
asyn4,ASYN_4_0,0.04805649893376758
asyn4,ASYN_4_1,0.034971378104939506
asyn4,ASYN_4_2,0.03033057720410348
asyn4,ASYN_4_3,0.0400853249500935
asyn4,ASYN_4_4,0.04560616266410658
asyn4,ASYN_4_5,0.040821170174812835
asyn4,ASYN_4_6,0.038983205613576495
asyn4,ASYN_4_7,0.026280939990692323
asyn4,ASYN_4_8,0.03581155509337647
asyn4,ASYN_4_9,0.0452425419899817
asyn4,KLM2143_asyn_4_0,0.03186077152441035
asyn4,KLM2143_asyn_4_1,0.049147238507868916
asyn4,KLM2143_asyn_4_10,0.044786005053587236
asyn4,KLM2143_asyn_4_11,0.034900298618838414
asyn4,KLM2143_asyn_4_12,0.03958161736159259
asyn4,KLM2143_asyn_4_13,0.03348231839485396
asyn4,KLM2143_asyn_4_2,0.04208715492275308
asyn4,KLM2143_asyn_4_3,0.03806644586277155
asyn4,KLM2143_asyn_4_4,0.037217332053137625
asyn4,KLM2143_asyn_4_5,0.03527931588740881
asyn4,KLM2143_asyn_4_6,0.037534382848852715
asyn4,KLM2143_asyn_4_7,0.03371847939853035
asyn4,KLM2143_asyn_4_8,0.05698652381434884
asyn4,KLM2143_asyn_4_9,0.04068367743262478
asyn5,ASYN_5_0,0.05953599226797037
asyn5,ASYN_5_1,0.06107548806859051
asyn5,ASYN_5_10,0.039185325329920265
asyn5,ASYN_5_2,0.049270604006538106
asyn5,ASYN_5_3,0.07378750798896694
asyn5,ASYN_5_4,0.07673222511194555
asyn5,ASYN_5_5,0.06044971474031519
asyn5,ASYN_5_6,0.0418754014375885
asyn5,ASYN_5_7,0.055456422917283046
asyn5,ASYN_5_8,0.06556413763657716
asyn5,ASYN_5_9,0.04742412590245113
asyn5,KLM2143_asyn_5_0,0.07765820015095597
asyn5,KLM2143_asyn_5_1,0.0765720925682836
asyn5,KLM2143_asyn_5_10,0.0636953599736104
asyn5,KLM2143_asyn_5_11,0.06973311899193547
asyn5,KLM2143_asyn_5_12,0.058404273071547615
asyn5,KLM2143_asyn_5_13,0.05706662329714526
asyn5,KLM2143_asyn_5_14,0.0690628331674854
asyn5,KLM2143_asyn_5_2,0.06697811714562758
asyn5,KLM2143_asyn_5_3,0.07145271421150151
asyn5,KLM2143_asyn_5_4,0.0535585658332589
asyn5,KLM2143_asyn_5_5,0.05939730085894471
asyn5,KLM2143_asyn_5_6,0.06607158338276893
asyn5,KLM2143_asyn_5_7,0.0701015133166955
asyn5,KLM2143_asyn_5_8,0.06956610627426567
asyn5,KLM2143_asyn_5_9,0.05799281204004051
asyn6,ASYN_6_0,0.06171695533192774
asyn6,ASYN_6_1,0.040188823946272205
asyn6,ASYN_6_10,0.06379333138119694
asyn6,ASYN_6_11,0.04824817442335894
asyn6,ASYN_6_2,0.04394103329044162
asyn6,ASYN_6_3,0.04788430598890737
asyn6,ASYN_6_4,0.03983823312115532
asyn6,ASYN_6_5,0.03989043795744984
asyn6,ASYN_6_6,0.04107150925808555
asyn6,ASYN_6_7,0.04110771515563537
asyn6,ASYN_6_8,0.04923554461524332
asyn6,ASYN_6_9,0.058095981457311444
asyn6,KLM2143_asyn_6_0,0.043366203385518984
asyn6,KLM2143_asyn_6_1,0.05627352744305231
asyn6,KLM2143_asyn_6_10,0.09468103161098397
asyn6,KLM2143_asyn_6_11,0.06223469036762798
asyn6,KLM2143_asyn_6_12,0.06485456494258858
asyn6,KLM2143_asyn_6_13,0.05394599309223469
asyn6,KLM2143_asyn_6_14,0.07121385593014551
asyn6,KLM2143_asyn_6_15,0.0618990528649097
asyn6,KLM2143_asyn_6_2,0.09917851505913844
asyn6,KLM2143_asyn_6_3,0.040452581192652326
asyn6,KLM2143_asyn_6_4,0.04504147209541088
asyn6,KLM2143_asyn_6_5,0.06185662642992332
asyn6,KLM2143_asyn_6_6,0.07488365729561666
asyn6,KLM2143_asyn_6_7,0.05720256961321894
asyn6,KLM2143_asyn_6_8,0.06431443852416285
asyn6,KLM2143_asyn_6_9,0.05733498959415719
f1,KLM5019_F1_0,0.030244500841062106
f1,KLM5019_F1_1,0.04632699720940186
f1,KLM5019_F1_10,0.025784718103456155
f1,KLM5019_F1_11,0.05847784778612793
f1,KLM5019_F1_12,0.04955699098231581
f1,KLM5019_F1_13,0.005149218294260225
f1,KLM5019_F1_14,0.056564523387525656
f1,KLM5019_F1_15,0.06789677643752026
f1,KLM5019_F1_16,0.0032221415295352173
f1,KLM5019_F1_17,0.050214646538112896
f1,KLM5019_F1_18,0.05345714353808495
f1,KLM5019_F1_19,0.04447253800639079
f1,KLM5019_F1_2,0.0037426309571060774
f1,KLM5019_F1_20,0.04320792565155984
f1,KLM5019_F1_21,0.040863772580539345
f1,KLM5019_F1_22,0.04943672991524791
f1,KLM5019_F1_23,0.04829355968929099
f1,KLM5019_F1_24,0.004539477135127755
f1,KLM5019_F1_25,0.04455163754037753
f1,KLM5019_F1_26,0.04685650535866631
f1,KLM5019_F1_27,0.042754449027948026
f1,KLM5019_F1_28,0.007813948006471354
f1,KLM5019_F1_29,0.008989894236870443
f1,KLM5019_F1_3,0.0048211609251992285
f1,KLM5019_F1_4,0.009119640569206446
f1,KLM5019_F1_5,0.01823337554767311
f1,KLM5019_F1_6,0.03519534845185157
f1,KLM5019_F1_7,0.012307985947231214
f1,KLM5019_F1_8,0.04776166225247865
f1,KLM5019_F1_9,0.038962507031674455
f1,KLM5020_F1_0,0.045562516784730236
f1,KLM5020_F1_1,0.036633332549259046
f1,KLM5020_F1_10,0.06037225076528516
f1,KLM5020_F1_11,0.043669463788558564
f1,KLM5020_F1_12,0.04496655889142775
f1,KLM5020_F1_13,0.04528074737370083
f1,KLM5020_F1_14,0.03488342605153347
f1,KLM5020_F1_15,0.037995784730985444
f1,KLM5020_F1_16,0.03080503595367216
f1,KLM5020_F1_17,0.03691622826550269
f1,KLM5020_F1_18,0.04545692200026695
f1,KLM5020_F1_19,0.03630681758673558
f1,KLM5020_F1_2,0.04262006021131072
f1,KLM5020_F1_20,0.0203529807689697
f1,KLM5020_F1_21,0.035114630763747996
f1,KLM5020_F1_22,0.03753441295172924
f1,KLM5020_F1_23,0.03422961167598545
f1,KLM5020_F1_24,0.0322120549343112
f1,KLM5020_F1_25,0.031499502765323005
f1,KLM5020_F1_26,0.031598204189527156
f1,KLM5020_F1_27,0.03405541932193798
f1,KLM5020_F1_28,0.042003789248155295
f1,KLM5020_F1_29,0.033576839633094206
f1,KLM5020_F1_3,0.04742973345295632
f1,KLM5020_F1_30,0.03799516834047548
f1,KLM5020_F1_4,0.04943236956657388
f1,KLM5020_F1_5,0.05652822237823876
f1,KLM5020_F1_6,0.03414435309677821
f1,KLM5020_F1_7,0.03963567490679566
f1,KLM5020_F1_8,0.04698658266386293
f1,KLM5020_F1_9,0.06470203031201048
f2,KLM5019_F2_0,0.05656319355103633
f2,KLM5019_F2_1,0.08345424631158273
f2,KLM5019_F2_10,0.01779674849678226
f2,KLM5019_F2_11,0.031004382754488455
f2,KLM5019_F2_12,0.021781821482031335
f2,KLM5019_F2_13,0.01865478942001866
f2,KLM5019_F2_14,0.021141795049139257
f2,KLM5019_F2_15,0.023755078807445713
f2,KLM5019_F2_16,0.0301462758716935
f2,KLM5019_F2_17,0.024816079112762502
f2,KLM5019_F2_18,0.03327492263673378
f2,KLM5019_F2_19,0.028030387280733447
f2,KLM5019_F2_2,0.03393219383062163
f2,KLM5019_F2_20,0.02198429700318965
f2,KLM5019_F2_21,0.035808609666170374
f2,KLM5019_F2_22,0.04336892723891766
f2,KLM5019_F2_23,0.02067914116105921
f2,KLM5019_F2_24,0.023327144902646126
f2,KLM5019_F2_25,0.024593201393549615
f2,KLM5019_F2_26,0.022678091422708806
f2,KLM5019_F2_27,0.019475440341679258
f2,KLM5019_F2_28,0.047146905637288794
f2,KLM5019_F2_29,0.02805678335570566
f2,KLM5019_F2_3,0.044015892319973875
f2,KLM5019_F2_4,0.02944428358902656
f2,KLM5019_F2_5,0.02100680152172215
f2,KLM5019_F2_6,0.021936962172493735
f2,KLM5019_F2_7,0.024174837705812968
f2,KLM5019_F2_8,0.017962870756827995
f2,KLM5019_F2_9,0.018028455271945933
f2,KLM5020_F2_0,0.045203928957656896
f2,KLM5020_F2_1,0.03686864742882916
f2,KLM5020_F2_10,0.038493378631256445
f2,KLM5020_F2_11,0.041403740163505495
f2,KLM5020_F2_12,0.03262641056741511
f2,KLM5020_F2_13,0.028577212513459776
f2,KLM5020_F2_14,0.02713951837287814
f2,KLM5020_F2_15,0.0440865732788437
f2,KLM5020_F2_16,0.029607974314343526
f2,KLM5020_F2_17,0.023368709416891273
f2,KLM5020_F2_18,0.029889579015949665
f2,KLM5020_F2_19,0.03170024258290538
f2,KLM5020_F2_2,0.03829026759743025
f2,KLM5020_F2_20,0.025553257029009936
f2,KLM5020_F2_21,0.022256159438993454
f2,KLM5020_F2_22,0.018974413292335613
f2,KLM5020_F2_23,0.0269192110936842
f2,KLM5020_F2_24,0.019561723527920523
f2,KLM5020_F2_25,0.008089141503530102
f2,KLM5020_F2_26,0.03392300151462232
f2,KLM5020_F2_27,0.014620074977563275
f2,KLM5020_F2_28,0.04151205678945062
f2,KLM5020_F2_29,0.0386406766730222
f2,KLM5020_F2_3,0.02449062335966878
f2,KLM5020_F2_30,0.015968876238046638
f2,KLM5020_F2_4,0.03602390487693596
f2,KLM5020_F2_5,0.030636448720641148
f2,KLM5020_F2_6,0.05466235919313646
f2,KLM5020_F2_7,0.03711355025591255
f2,KLM5020_F2_8,0.039377321706728044
f2,KLM5020_F2_9,0.021944612572157577
f3,KLM5019_F3_0,0.03645660481537897
f3,KLM5019_F3_1,0.03521782743761362
f3,KLM5019_F3_10,0.035509925432589386
f3,KLM5019_F3_11,0.024382355910283846
f3,KLM5019_F3_12,0.03557266785674364
f3,KLM5019_F3_13,0.034145462200815685
f3,KLM5019_F3_14,0.041070088579407055
f3,KLM5019_F3_15,0.029466101200194744
f3,KLM5019_F3_16,0.02144198560400608
f3,KLM5019_F3_17,0.02806283650912051
f3,KLM5019_F3_18,0.02738424720342505
f3,KLM5019_F3_19,0.033929577499483075
f3,KLM5019_F3_2,0.02793614498139837
f3,KLM5019_F3_20,0.028679479712382886
f3,KLM5019_F3_21,0.02518067414082825
f3,KLM5019_F3_22,0.031781066239559
f3,KLM5019_F3_23,0.03349132367403761
f3,KLM5019_F3_24,0.02111438287474214
f3,KLM5019_F3_25,0.041824682245440746
f3,KLM5019_F3_26,0.02600687775814923
f3,KLM5019_F3_27,0.03864128413398447
f3,KLM5019_F3_28,0.03811546436858103
f3,KLM5019_F3_29,0.03759013048897314
f3,KLM5019_F3_3,0.02868920947369254
f3,KLM5019_F3_30,0.03206865838482404
f3,KLM5019_F3_4,0.021525280839496824
f3,KLM5019_F3_5,0.0350477497803747
f3,KLM5019_F3_6,0.03400379683611686
f3,KLM5019_F3_7,0.028294085583042188
f3,KLM5019_F3_8,0.03601468131964236
f3,KLM5019_F3_9,0.026696470400557615
f3,KLM5020_F3_0,0.053077693448247885
f3,KLM5020_F3_1,0.040414625187554606
f3,KLM5020_F3_10,0.040095240146720286
f3,KLM5020_F3_11,0.04591449135639858
f3,KLM5020_F3_12,0.03619750822084206
f3,KLM5020_F3_13,0.043183763232440935
f3,KLM5020_F3_14,0.027085004036010128
f3,KLM5020_F3_15,0.03725805474660772
f3,KLM5020_F3_16,0.027662498441889893
f3,KLM5020_F3_17,0.02682169577117557
f3,KLM5020_F3_18,0.03299990452226437
f3,KLM5020_F3_19,0.028360532382339515
f3,KLM5020_F3_2,0.012793035142233018
f3,KLM5020_F3_20,0.02940180681011721
f3,KLM5020_F3_21,0.027194006611503844
f3,KLM5020_F3_22,0.03794872013355667
f3,KLM5020_F3_23,0.03420958792072155
f3,KLM5020_F3_24,0.035797164362540546
f3,KLM5020_F3_25,0.03124536444311781
f3,KLM5020_F3_26,0.024641100447625977
f3,KLM5020_F3_27,0.03940489138306086
f3,KLM5020_F3_28,0.031109443380763872
f3,KLM5020_F3_29,0.04193579394851812
f3,KLM5020_F3_3,0.039384586982537884
f3,KLM5020_F3_4,0.014736415133089431
f3,KLM5020_F3_5,0.03851005600418231
f3,KLM5020_F3_6,0.010401853739398786
f3,KLM5020_F3_7,0.007891491383357948
f3,KLM5020_F3_8,0.035992920372730566
f3,KLM5020_F3_9,0.03718221251416974
f4,KLM5019_F4_0,0.0362793398142373
f4,KLM5019_F4_1,0.0475416332780166
f4,KLM5019_F4_10,0.03958309756042803
f4,KLM5019_F4_11,0.038714350314638164
f4,KLM5019_F4_12,0.03712804655276826
f4,KLM5019_F4_13,0.04423812287590244
f4,KLM5019_F4_14,0.04288479484254293
f4,KLM5019_F4_15,0.03009241298065451
f4,KLM5019_F4_16,0.04057863386527913
f4,KLM5019_F4_17,0.03981962566114118
f4,KLM5019_F4_18,0.03767208437007317
f4,KLM5019_F4_19,0.033545972566231395
f4,KLM5019_F4_2,0.03850619888443242
f4,KLM5019_F4_20,0.0387502999146625
f4,KLM5019_F4_21,0.040578428296101796
f4,KLM5019_F4_22,0.036464817895534185
f4,KLM5019_F4_23,0.03948554828243983
f4,KLM5019_F4_24,0.03564417391769893
f4,KLM5019_F4_25,0.036095679961700725
f4,KLM5019_F4_26,0.037905752205763456
f4,KLM5019_F4_27,0.03451723760646994
f4,KLM5019_F4_28,0.035787902098706754
f4,KLM5019_F4_29,0.03793024305451257
f4,KLM5019_F4_3,0.04301623255824024
f4,KLM5019_F4_4,0.03675073463010033
f4,KLM5019_F4_5,0.03520401977658686
f4,KLM5019_F4_6,0.023992469813643186
f4,KLM5019_F4_7,0.012958200125119388
f4,KLM5019_F4_8,0.044172253220975614
f4,KLM5019_F4_9,0.025375003565026248
f4,KLM5020_F4_0,0.04812667497255329
f4,KLM5020_F4_1,0.04075311658829764
f4,KLM5020_F4_10,0.0489210512115085
f4,KLM5020_F4_11,0.032682738317033694
f4,KLM5020_F4_12,0.03788172355327551
f4,KLM5020_F4_13,0.0373389266198506
f4,KLM5020_F4_14,0.050271779529291086
f4,KLM5020_F4_15,0.042667495245630266
f4,KLM5020_F4_16,0.036503904573071455
f4,KLM5020_F4_17,0.040855559980769625
f4,KLM5020_F4_18,0.034202050792468096
f4,KLM5020_F4_19,0.040059148460963805
f4,KLM5020_F4_2,0.03207419229937438
f4,KLM5020_F4_20,0.035623714268418885
f4,KLM5020_F4_21,0.0378320540081736
f4,KLM5020_F4_22,0.04582120709553014
f4,KLM5020_F4_23,0.03840183666970925
f4,KLM5020_F4_24,0.035303099138171104
f4,KLM5020_F4_25,0.037585243443914416
f4,KLM5020_F4_26,0.04676690333061585
f4,KLM5020_F4_27,0.03769306172782656
f4,KLM5020_F4_28,0.033620834505290055
f4,KLM5020_F4_29,0.0326101487130389
f4,KLM5020_F4_3,0.05716966115141535
f4,KLM5020_F4_4,0.03628155924462092
f4,KLM5020_F4_5,0.03581984000962244
f4,KLM5020_F4_6,0.033649114435956945
f4,KLM5020_F4_7,0.04884487305716304
f4,KLM5020_F4_8,0.043222167960816106
f4,KLM5020_F4_9,0.03805054062959028
fus1,FUS_1_0,0.04034241743838382
fus1,FUS_1_1,0.051088198993309214
fus1,FUS_1_10,0.032495510729959626
fus1,FUS_1_11,0.0425618993960102
fus1,FUS_1_12,0.03765865829684539
fus1,FUS_1_13,0.08440536622458215
fus1,FUS_1_14,0.05209562297399829
fus1,FUS_1_15,0.07245596976006101
fus1,FUS_1_2,0.03463162235588543
fus1,FUS_1_3,0.03219967198483507
fus1,FUS_1_4,0.04326180303035681
fus1,FUS_1_5,0.05443893616937338
fus1,FUS_1_6,0.03690671162186895
fus1,FUS_1_7,0.03661232257843512
fus1,FUS_1_8,0.032487016058571294
fus1,FUS_1_9,0.039026883833970676
fus1,KLM2143_FUS_1_0,0.03656911535272069
fus1,KLM2143_FUS_1_1,0.054467197679606984
fus1,KLM2143_FUS_1_10,0.05089912357265855
fus1,KLM2143_FUS_1_11,0.08852550569112003
fus1,KLM2143_FUS_1_12,0.10309713402781234
fus1,KLM2143_FUS_1_2,0.07859771147303585
fus1,KLM2143_FUS_1_3,0.06856092459462848
fus1,KLM2143_FUS_1_4,0.09719138379819069
fus1,KLM2143_FUS_1_5,0.05798598316782342
fus1,KLM2143_FUS_1_6,0.05866152349907175
fus1,KLM2143_FUS_1_7,0.06924462955908192
fus1,KLM2143_FUS_1_8,0.048076949706793624
fus1,KLM2143_FUS_1_9,0.06262862240100404
fus2,FUS_2_0,0.04230074137446284
fus2,FUS_2_1,0.044274452765150976
fus2,FUS_2_10,0.06945365437705449
fus2,FUS_2_2,0.05104397901464825
fus2,FUS_2_3,0.05656820680426302
fus2,FUS_2_4,0.03888427137422244
fus2,FUS_2_5,0.044173446238312875
fus2,FUS_2_6,0.07169330731329181
fus2,FUS_2_7,0.049840672723332174
fus2,FUS_2_8,0.08558995552373345
fus2,FUS_2_9,0.03537838997227278
fus2,KLM2143_FUS_2_0,0.06189753711000397
fus2,KLM2143_FUS_2_1,0.049444787237160955
fus2,KLM2143_FUS_2_10,0.04453767331784585
fus2,KLM2143_FUS_2_11,0.05116410742127153
fus2,KLM2143_FUS_2_12,0.06192570581356521
fus2,KLM2143_FUS_2_13,0.042109021447178166
fus2,KLM2143_FUS_2_14,0.03949533953408015
fus2,KLM2143_FUS_2_15,0.05629664488411255
fus2,KLM2143_FUS_2_2,0.0550332935503194
fus2,KLM2143_FUS_2_3,0.05415813261384333
fus2,KLM2143_FUS_2_4,0.04187209926987318
fus2,KLM2143_FUS_2_5,0.051224783190589755
fus2,KLM2143_FUS_2_6,0.04557661572622677
fus2,KLM2143_FUS_2_7,0.055925837423535095
fus2,KLM2143_FUS_2_8,0.03156967374861225
fus2,KLM2143_FUS_2_9,0.04135216182562052
fus3,FUS_3_0,0.031119444450820873
fus3,FUS_3_1,0.0297811854173814
fus3,FUS_3_10,0.02774178211650038
fus3,FUS_3_11,0.03250175023454797
fus3,FUS_3_12,0.02692738776202467
fus3,FUS_3_13,0.0359218290479328
fus3,FUS_3_14,0.030102874693343107
fus3,FUS_3_15,0.03880889953507794
fus3,FUS_3_16,0.048122484664954154
fus3,FUS_3_17,0.03817779112575942
fus3,FUS_3_18,0.031165594157461358
fus3,FUS_3_19,0.0178737865642586
fus3,FUS_3_2,0.02388815018421138
fus3,FUS_3_20,0.037329103585427126
fus3,FUS_3_21,0.030257397603062598
fus3,FUS_3_22,0.025872536294268195
fus3,FUS_3_23,0.03318336957265679
fus3,FUS_3_24,0.029492281469109257
fus3,FUS_3_25,0.03336791207141066
fus3,FUS_3_3,0.027159256687357792
fus3,FUS_3_4,0.03328436275052379
fus3,FUS_3_5,0.0323356260808133
fus3,FUS_3_6,0.025793726284146175
fus3,FUS_3_7,0.028560956058523934
fus3,FUS_3_8,0.027985310963321724
fus3,FUS_3_9,0.02506080186855699
fus3,KLM2143_FUS_3_0,0.03898142039146548
fus3,KLM2143_FUS_3_1,0.03611122994132147
fus3,KLM2143_FUS_3_10,0.06490398934110292
fus3,KLM2143_FUS_3_11,0.030879278530958832
fus3,KLM2143_FUS_3_12,0.02123664844586927
fus3,KLM2143_FUS_3_13,0.029086185705643162
fus3,KLM2143_FUS_3_14,0.026676611622309925
fus3,KLM2143_FUS_3_15,0.024435147643203065
fus3,KLM2143_FUS_3_16,0.02864651486181133
fus3,KLM2143_FUS_3_17,0.03214077172275146
fus3,KLM2143_FUS_3_18,0.02901571532716523
fus3,KLM2143_FUS_3_2,0.03096357613817023
fus3,KLM2143_FUS_3_3,0.04152664312565764
fus3,KLM2143_FUS_3_4,0.04304824173949073
fus3,KLM2143_FUS_3_5,0.04616599265398555
fus3,KLM2143_FUS_3_6,0.022562348938645418
fus3,KLM2143_FUS_3_7,0.033561376290968406
fus3,KLM2143_FUS_3_8,0.03292686023403077
fus3,KLM2143_FUS_3_9,0.023434582641871596
fus4,FUS_4_0,0.03048158139921248
fus4,FUS_4_1,0.032307900189879515
fus4,FUS_4_10,0.03278637111054311
fus4,FUS_4_11,0.034220628419131545
fus4,FUS_4_12,0.03394263114912957
fus4,FUS_4_2,0.04333466295092511
fus4,FUS_4_3,0.028716283351940677
fus4,FUS_4_4,0.027618500536315514
fus4,FUS_4_5,0.04504003992797088
fus4,FUS_4_6,0.03824647260623597
fus4,FUS_4_7,0.032281577590323796
fus4,FUS_4_8,0.03516597006662348
fus4,FUS_4_9,0.03833550489764959
fus4,KLM2143_FUS_4_0,0.04350181860889217
fus4,KLM2143_FUS_4_1,0.03211832209503531
fus4,KLM2143_FUS_4_10,0.03859454134808635
fus4,KLM2143_FUS_4_11,0.030951691737920697
fus4,KLM2143_FUS_4_12,0.03109048021064315
fus4,KLM2143_FUS_4_13,0.030003046945808104
fus4,KLM2143_FUS_4_14,0.0384900964734011
fus4,KLM2143_FUS_4_15,0.03251152378392013
fus4,KLM2143_FUS_4_16,0.04666583186560526
fus4,KLM2143_FUS_4_2,0.031109172846222288
fus4,KLM2143_FUS_4_3,0.0332086062333795
fus4,KLM2143_FUS_4_4,0.03001348502119055
fus4,KLM2143_FUS_4_5,0.03991236406873824
fus4,KLM2143_FUS_4_6,0.033062662196230476
fus4,KLM2143_FUS_4_7,0.03440548547356408
fus4,KLM2143_FUS_4_8,0.031921473071869606
fus4,KLM2143_FUS_4_9,0.03355679247870683
fus5,FUS_5_0,0.0547952027883885
fus5,FUS_5_1,0.038125696271473546
fus5,FUS_5_10,0.04853327807417617
fus5,FUS_5_11,0.027870418882699092
fus5,FUS_5_12,0.04667724490426148
fus5,FUS_5_2,0.04547043780528573
fus5,FUS_5_3,0.03986049662346241
fus5,FUS_5_4,0.03659170195585638
fus5,FUS_5_5,0.035290799926168945
fus5,FUS_5_6,0.03334553590046595
fus5,FUS_5_7,0.04186838121062058
fus5,FUS_5_8,0.032942740893523205
fus5,FUS_5_9,0.035436139980343534
fus5,KLM2143_FUS_5_0,0.03341487534431362
fus5,KLM2143_FUS_5_1,0.05737981808591043
fus5,KLM2143_FUS_5_10,0.038076186043957315
fus5,KLM2143_FUS_5_11,0.04056717279106954
fus5,KLM2143_FUS_5_12,0.026870158767380182
fus5,KLM2143_FUS_5_13,0.03470476342219295
fus5,KLM2143_FUS_5_14,0.030975103464808793
fus5,KLM2143_FUS_5_15,0.041365304594713014
fus5,KLM2143_FUS_5_16,0.0663390430082384
fus5,KLM2143_FUS_5_2,0.04364773675630712
fus5,KLM2143_FUS_5_3,0.05566612723054769
fus5,KLM2143_FUS_5_4,0.0423718322677577
fus5,KLM2143_FUS_5_5,0.048398629919799804
fus5,KLM2143_FUS_5_6,0.04124549135533241
fus5,KLM2143_FUS_5_7,0.0421247938914267
fus5,KLM2143_FUS_5_8,0.04260966537147935
fus5,KLM2143_FUS_5_9,0.03441354190604689
fus6,FUS_6_0,0.04170457078202124
fus6,FUS_6_1,0.032676905982966555
fus6,FUS_6_10,0.03650496575171712
fus6,FUS_6_11,0.04028004615129266
fus6,FUS_6_12,0.034841199239258436
fus6,FUS_6_13,0.03111848325499731
fus6,FUS_6_14,0.03477842825682239
fus6,FUS_6_2,0.04152853011326597
fus6,FUS_6_3,0.03701123097051591
fus6,FUS_6_4,0.03728452482329159
fus6,FUS_6_5,0.036367282393231455
fus6,FUS_6_6,0.040526911100901196
fus6,FUS_6_7,0.04787569423181655
fus6,FUS_6_8,0.03398069321861663
fus6,FUS_6_9,0.03852160428740371
fus6,KLM2143_FUS_6_0,0.033864029704444534
fus6,KLM2143_FUS_6_1,0.06486309523641685
fus6,KLM2143_FUS_6_10,0.03296230789003237
fus6,KLM2143_FUS_6_11,0.06344402271663384
fus6,KLM2143_FUS_6_12,0.027460494090644074
fus6,KLM2143_FUS_6_13,0.04283584687844048
fus6,KLM2143_FUS_6_14,0.04663758116979424
fus6,KLM2143_FUS_6_15,0.04830236949591913
fus6,KLM2143_FUS_6_16,0.04217158754190486
fus6,KLM2143_FUS_6_17,0.023344353342603395
fus6,KLM2143_FUS_6_18,0.03433011655650373
fus6,KLM2143_FUS_6_19,0.04808304980790894
fus6,KLM2143_FUS_6_2,0.032895737875405964
fus6,KLM2143_FUS_6_20,0.051095789327582394
fus6,KLM2143_FUS_6_3,0.03145389015781584
fus6,KLM2143_FUS_6_4,0.051192349684361316
fus6,KLM2143_FUS_6_5,0.0401471185018567
fus6,KLM2143_FUS_6_6,0.04664512689579565
fus6,KLM2143_FUS_6_7,0.05687083466970222
fus6,KLM2143_FUS_6_8,0.03899599727263094
fus6,KLM2143_FUS_6_9,0.03944370667247452
